time_ns,aresetn,aclken,s_valid,s_ready,s_tdata,s_tuser,m_valid,m_tdata,raw_m_valid,raw_m_tdata,legacy_m_valid,legacy_m_tdata,behav_m_valid,behav_m_tdata
5000,0,1,x,0,0X0X,0X,x,xx,0,00,0,00,x,xx
25000,0,1,0,0,0000,00,0,00,0,00,0,00,0,00
35000,0,1,0,0,0000,00,0,00,0,00,0,00,0,00
45000,0,1,0,0,0000,00,0,00,0,00,0,00,0,00
55000,0,1,0,0,0000,00,0,00,0,00,0,00,0,00
65000,0,1,0,0,0000,00,0,00,0,00,0,00,0,00
75000,0,1,0,0,0000,00,0,00,0,00,0,00,0,00
85000,0,1,0,0,0000,00,0,00,0,00,0,00,0,00
95000,0,1,0,0,0000,00,0,00,0,00,0,00,0,00
105000,0,1,0,0,0000,00,0,00,0,00,0,00,0,00
115000,0,1,0,0,0000,00,0,00,0,00,0,00,0,00
125000,0,1,0,0,0000,00,0,00,0,00,0,00,0,00
135000,0,1,0,0,0000,00,0,00,0,00,0,00,0,00
145000,0,1,0,0,0000,00,0,00,0,00,0,00,0,00
155000,0,1,0,0,0000,00,0,00,0,00,0,00,0,00
165000,0,1,0,0,0000,00,0,00,0,00,0,00,0,00
175000,0,1,0,0,0000,00,0,00,0,00,0,00,0,00
185000,0,1,0,0,0000,00,0,00,0,00,0,00,0,00
195000,0,1,0,0,0000,00,0,00,0,00,0,00,0,00
205000,0,1,0,0,0000,00,0,00,0,00,0,00,0,00
215000,0,1,0,0,0000,00,0,00,0,00,0,00,0,00
225000,0,1,0,0,0000,00,0,00,0,00,0,00,0,00
235000,0,1,0,0,0000,00,0,00,0,00,0,00,0,00
245000,0,1,0,0,0000,00,0,00,0,00,0,00,0,00
255000,0,1,0,0,0000,00,0,00,0,00,0,00,0,00
265000,0,1,0,0,0000,00,0,00,0,00,0,00,0,00
275000,0,1,0,0,0000,00,0,00,0,00,0,00,0,00
285000,0,1,0,0,0000,00,0,00,0,00,0,00,0,00
295000,0,1,0,0,0000,00,0,00,0,00,0,00,0,00
305000,0,1,0,0,0000,00,0,00,0,00,0,00,0,00
315000,0,1,0,0,0000,00,0,00,0,00,0,00,0,00
325000,0,1,0,0,0000,00,0,00,0,00,0,00,0,00
335000,0,1,0,0,0000,00,0,00,0,00,0,00,0,00
345000,0,1,0,0,0000,00,0,00,0,00,0,00,0,00
355000,0,1,0,0,0000,00,0,00,0,00,0,00,0,00
365000,0,1,0,0,0000,00,0,00,0,00,0,00,0,00
375000,0,1,0,0,0000,00,0,00,0,00,0,00,0,00
385000,0,1,0,0,0000,00,0,00,0,00,0,00,0,00
395000,0,1,0,0,0000,00,0,00,0,00,0,00,0,00
405000,0,1,0,0,0000,00,0,00,0,00,0,00,0,00
415000,0,1,0,0,0000,00,0,00,0,00,0,00,0,00
425000,0,1,0,0,0000,00,0,00,0,00,0,00,0,00
435000,0,1,0,0,0000,00,0,00,0,00,0,00,0,00
445000,0,1,0,0,0000,00,0,00,0,00,0,00,0,00
455000,0,1,0,0,0000,00,0,00,0,00,0,00,0,00
465000,0,1,0,0,0000,00,0,00,0,00,0,00,0,00
475000,0,1,0,0,0000,00,0,00,0,00,0,00,0,00
485000,0,1,0,0,0000,00,0,00,0,00,0,00,0,00
495000,0,1,0,0,0000,00,0,00,0,00,0,00,0,00
505000,0,1,0,0,0000,00,0,00,0,00,0,00,0,00
515000,0,1,0,0,0000,00,0,00,0,00,0,00,0,00
525000,0,1,0,0,0000,00,0,00,0,00,0,00,0,00
535000,0,1,0,0,0000,00,0,00,0,00,0,00,0,00
545000,0,1,0,0,0000,00,0,00,0,00,0,00,0,00
555000,0,1,0,0,0000,00,0,00,0,00,0,00,0,00
565000,0,1,0,0,0000,00,0,00,0,00,0,00,0,00
575000,0,1,0,0,0000,00,0,00,0,00,0,00,0,00
585000,0,1,0,0,0000,00,0,00,0,00,0,00,0,00
595000,1,1,0,0,0000,00,0,00,0,00,0,00,0,00
605000,1,1,0,0,0000,00,0,00,0,00,0,00,0,00
20185000,1,1,0,0,0000,00,0,00,0,00,0,00,0,00
31775000,1,1,1,1,0707,00,0,00,0,00,0,00,0,00
31785000,1,1,1,1,0007,00,0,00,0,00,0,00,0,00
31795000,1,1,1,1,0007,00,0,00,0,00,0,00,0,00
31805000,1,1,1,1,0707,00,0,00,0,00,0,00,0,00
31815000,1,1,1,1,0007,00,0,00,0,00,0,00,0,00
31825000,1,1,1,1,0007,00,0,00,0,00,0,00,0,00
31835000,1,1,1,1,0000,00,0,00,0,00,0,00,0,00
31845000,1,1,1,1,0700,00,0,00,0,00,0,00,0,00
31855000,1,1,1,1,0700,00,0,00,0,00,0,00,0,00
31865000,1,1,1,1,0007,00,0,00,0,00,0,00,0,00
31875000,1,1,1,1,0000,00,0,00,0,00,0,00,0,00
31885000,1,1,1,1,0700,00,0,00,0,00,0,00,0,00
31895000,1,1,1,1,0000,00,0,00,0,00,0,00,0,00
31905000,1,1,1,1,0007,00,0,00,0,00,0,00,0,00
31915000,1,1,1,1,0700,00,0,00,0,00,0,00,0,00
31925000,1,1,1,1,0707,00,0,00,0,00,0,00,0,00
31935000,1,1,1,1,0000,00,0,00,0,00,0,00,0,00
31945000,1,1,1,1,0707,00,0,00,0,00,0,00,0,00
31955000,1,1,1,1,0700,00,0,00,0,00,0,00,0,00
31965000,1,1,1,1,0707,00,0,00,0,00,0,00,0,00
31975000,1,1,1,1,0707,00,0,00,0,00,0,00,0,00
31985000,1,1,1,1,0000,00,0,00,0,00,0,00,0,00
31995000,1,1,1,1,0007,00,0,00,0,00,0,00,0,00
32005000,1,1,1,1,0707,00,0,00,0,00,0,00,0,00
32015000,1,1,1,1,0303,00,0,00,0,00,0,00,0,00
32025000,1,1,1,1,0303,00,0,00,0,00,0,00,0,00
32035000,1,1,1,1,0303,00,0,00,0,00,0,00,0,00
32045000,1,1,1,1,0303,00,0,00,0,00,0,00,0,00
32055000,1,1,1,1,0303,00,0,00,0,00,0,00,0,00
32065000,1,1,1,1,0303,00,0,00,0,00,0,00,0,00
32075000,1,1,1,1,0303,00,0,00,0,00,0,00,0,00
32085000,1,1,1,1,0303,00,0,00,0,00,0,00,0,00
32095000,1,1,1,1,0303,00,0,00,0,00,0,00,0,00
32105000,1,1,1,1,0303,00,0,00,0,00,0,00,0,00
32115000,1,1,1,1,0303,00,0,00,0,00,0,00,0,00
32125000,1,1,1,1,0303,00,0,00,0,00,0,00,0,00
32135000,1,1,1,1,0303,00,0,00,0,00,0,00,0,00
32145000,1,1,1,1,0303,00,0,00,0,00,0,00,0,00
32155000,1,1,1,1,0303,00,0,00,0,00,0,00,0,00
32165000,1,1,1,1,0303,00,0,00,0,00,0,00,0,00
32175000,1,1,1,1,0303,00,0,00,0,00,0,00,0,00
32185000,1,1,1,1,0303,00,0,00,0,00,0,00,0,00
32195000,1,1,1,1,0303,00,0,00,0,00,0,00,0,00
32205000,1,1,1,1,0303,00,0,00,0,00,0,00,0,00
32215000,1,1,1,1,0303,00,0,00,0,00,0,00,0,00
32225000,1,1,1,1,0303,00,0,00,0,00,0,00,0,00
32235000,1,1,1,1,0303,00,0,00,0,00,0,00,0,00
32245000,1,1,1,1,0303,00,0,00,0,00,0,00,0,00
32255000,1,1,1,1,0303,00,0,00,0,00,0,00,0,00
32265000,1,1,1,1,0303,00,0,00,0,00,0,00,0,00
32275000,1,1,1,1,0303,00,0,00,0,00,0,00,0,00
32285000,1,1,1,1,0303,00,0,00,0,00,0,00,0,00
32295000,1,1,1,1,0303,00,0,00,0,00,0,00,0,00
32305000,1,1,1,1,0303,00,0,00,0,00,0,00,0,00
32315000,1,1,1,1,0303,00,0,00,0,00,0,00,0,00
32325000,1,1,1,1,0303,00,0,00,0,00,0,00,0,00
32335000,1,1,1,1,0303,00,0,00,0,00,0,00,0,00
32345000,1,1,1,1,0303,00,0,00,0,00,0,00,0,00
32355000,1,1,1,1,0303,00,0,00,0,00,0,00,0,00
32365000,1,1,1,1,0303,00,0,00,0,00,0,00,0,00
32375000,1,1,1,1,0303,00,0,00,0,00,0,00,0,00
32385000,1,1,1,1,0303,00,0,00,0,00,0,00,0,00
32395000,1,1,1,1,0303,00,0,00,0,00,0,00,0,00
32405000,1,1,1,1,0303,00,0,00,0,00,0,00,0,00
32415000,1,1,1,1,0303,00,0,00,0,00,0,00,0,00
32425000,1,1,1,1,0303,00,0,00,0,00,0,00,0,00
32435000,1,1,1,1,0303,00,0,00,0,00,0,00,0,00
32445000,1,1,1,1,0303,00,0,00,0,00,0,00,0,00
32455000,1,1,1,1,0303,00,0,00,0,00,0,00,0,00
32465000,1,1,1,1,0303,00,0,00,0,00,0,00,0,00
32475000,1,1,1,1,0303,00,0,00,0,00,0,00,0,00
32485000,1,1,1,1,0303,00,0,00,0,00,0,00,0,00
32495000,1,1,1,1,0303,00,0,00,0,00,0,00,0,00
32505000,1,1,1,1,0303,00,0,00,0,00,0,00,0,00
32515000,1,1,1,1,0303,00,0,00,0,00,0,00,0,00
32525000,1,1,1,1,0303,00,0,00,0,00,0,00,0,00
32535000,1,1,1,1,0303,00,0,00,0,00,0,00,0,00
32545000,1,1,1,1,0303,00,0,00,0,00,0,00,0,00
32555000,1,1,1,1,0303,00,0,00,0,00,0,00,0,00
32565000,1,1,1,1,0303,00,0,00,0,00,0,00,0,00
32575000,1,1,1,1,0303,00,0,00,0,00,0,00,0,00
32585000,1,1,1,1,0303,00,0,00,0,00,0,00,0,00
32595000,1,1,1,1,0303,00,0,00,0,00,0,00,0,00
32605000,1,1,1,1,0303,00,0,00,0,00,0,00,0,00
32615000,1,1,1,1,0303,00,1,01,0,00,0,00,1,01
32625000,1,1,1,1,0303,00,1,01,0,00,0,00,1,01
32635000,1,1,1,1,0303,00,1,00,0,00,0,00,1,00
32645000,1,1,1,1,0303,00,1,01,0,00,0,00,1,01
32655000,1,1,1,1,0303,00,1,00,0,00,0,00,1,00
32665000,1,1,1,1,0303,00,1,01,0,00,0,00,1,01
32675000,1,1,1,1,0303,00,1,01,0,00,0,00,1,01
32685000,1,1,1,1,0303,00,1,00,0,00,0,00,1,00
32695000,1,1,1,1,0303,00,1,01,0,00,0,00,1,01
32705000,1,1,1,1,0303,00,1,01,0,00,0,00,1,01
32715000,1,1,1,1,0303,00,1,00,0,00,0,00,1,00
32725000,1,1,1,1,0303,00,1,00,0,00,0,00,1,00
32735000,1,1,1,1,0303,00,1,00,0,00,0,00,1,00
32745000,1,1,1,1,0303,00,1,00,0,00,0,00,1,00
32755000,1,1,1,1,0303,00,1,00,0,00,0,00,1,00
32765000,1,1,1,1,0303,00,1,00,0,00,0,00,1,00
32775000,1,1,1,1,0303,00,1,00,0,00,0,00,1,00
32785000,1,1,1,1,0303,00,1,01,0,00,0,00,1,01
32795000,1,1,1,1,0303,00,1,00,0,00,0,00,1,00
32805000,1,1,1,1,0303,00,1,00,0,00,0,00,1,00
32815000,1,1,1,1,0303,00,1,00,0,00,0,00,1,00
32825000,1,1,1,1,0303,00,1,00,0,00,0,00,1,00
32835000,1,1,1,1,0303,00,1,00,0,00,0,00,1,00
32845000,1,1,1,1,0303,00,1,00,0,00,0,00,1,00
32855000,1,1,1,1,0303,00,1,00,0,00,0,00,1,00
32865000,1,1,1,1,0303,00,1,00,0,00,0,00,1,00
32875000,1,1,1,1,0303,00,1,00,0,00,0,00,1,00
32885000,0,1,1,1,0303,00,1,00,0,00,0,00,1,00
32895000,0,1,1,1,0303,00,0,00,0,00,0,00,0,00
32905000,1,1,0,0,0000,00,0,00,0,00,0,00,0,00
32915000,1,1,0,0,0000,00,0,00,0,00,0,00,0,00
35945000,1,1,1,1,0000,00,0,00,0,00,0,00,0,00
35955000,1,1,1,1,0000,00,0,00,0,00,0,00,0,00
35965000,1,1,1,1,0707,00,0,00,0,00,0,00,0,00
35975000,1,1,1,1,0700,00,0,00,0,00,0,00,0,00
35985000,1,1,1,1,0707,00,0,00,0,00,0,00,0,00
35995000,1,1,1,1,0707,00,0,00,0,00,0,00,0,00
36005000,1,1,1,1,0000,00,0,00,0,00,0,00,0,00
36015000,1,1,1,1,0007,00,0,00,0,00,0,00,0,00
36025000,1,1,1,1,0707,00,0,00,0,00,0,00,0,00
36035000,1,1,1,1,0000,00,0,00,0,00,0,00,0,00
36045000,1,1,1,1,0000,00,0,00,0,00,0,00,0,00
36055000,1,1,1,1,0707,00,0,00,0,00,0,00,0,00
36065000,1,1,1,1,0700,00,0,00,0,00,0,00,0,00
36075000,1,1,1,1,0000,00,0,00,0,00,0,00,0,00
36085000,1,1,1,1,0700,00,0,00,0,00,0,00,0,00
36095000,1,1,1,1,0007,00,0,00,0,00,0,00,0,00
36105000,1,1,1,1,0007,00,0,00,0,00,0,00,0,00
36115000,1,1,1,1,0000,00,0,00,0,00,0,00,0,00
36125000,1,1,1,1,0007,00,0,00,0,00,0,00,0,00
36135000,1,1,1,1,0700,00,0,00,0,00,0,00,0,00
36145000,1,1,1,1,0707,00,0,00,0,00,0,00,0,00
36155000,1,1,1,1,0000,00,0,00,0,00,0,00,0,00
36165000,1,1,1,1,0000,00,0,00,0,00,0,00,0,00
36175000,1,1,1,1,0000,00,0,00,0,00,0,00,0,00
39945000,1,1,1,1,0707,00,0,00,0,00,0,00,0,00
39955000,1,1,1,1,0007,00,0,00,0,00,0,00,0,00
39965000,1,1,1,1,0700,00,0,00,0,00,0,00,0,00
39975000,1,1,1,1,0700,00,0,00,0,00,0,00,0,00
39985000,1,1,1,1,0000,00,0,00,0,00,0,00,0,00
39995000,1,1,1,1,0700,00,0,00,0,00,0,00,0,00
40005000,1,1,1,1,0700,00,0,00,0,00,0,00,0,00
40015000,1,1,1,1,0007,00,0,00,0,00,0,00,0,00
40025000,1,1,1,1,0007,00,0,00,0,00,0,00,0,00
40035000,1,1,1,1,0707,00,0,00,0,00,0,00,0,00
40045000,1,1,1,1,0707,00,0,00,0,00,0,00,0,00
40055000,1,1,1,1,0707,00,0,00,0,00,0,00,0,00
40065000,1,1,1,1,0707,00,0,00,0,00,0,00,0,00
40075000,1,1,1,1,0707,00,0,00,0,00,0,00,0,00
40085000,1,1,1,1,0700,00,0,00,0,00,0,00,0,00
40095000,1,1,1,1,0700,00,0,00,0,00,0,00,0,00
40105000,1,1,1,1,0707,00,0,00,0,00,0,00,0,00
40115000,1,1,1,1,0707,00,0,00,0,00,0,00,0,00
40125000,1,1,1,1,0700,00,0,00,0,00,0,00,0,00
40135000,1,1,1,1,0700,00,0,00,0,00,0,00,0,00
40145000,1,1,1,1,0700,00,0,00,0,00,0,00,0,00
40155000,1,1,1,1,0707,00,0,00,0,00,0,00,0,00
40165000,1,1,1,1,0000,00,0,00,0,00,0,00,0,00
40175000,1,1,1,1,0000,00,0,00,0,00,0,00,0,00
40185000,1,1,1,1,0303,00,0,00,0,00,0,00,0,00
40195000,1,1,1,1,0303,00,0,00,0,00,0,00,0,00
40205000,1,1,1,1,0303,00,0,00,0,00,0,00,0,00
40215000,1,1,1,1,0303,00,0,00,0,00,0,00,0,00
40225000,1,1,1,1,0303,00,0,00,0,00,0,00,0,00
40235000,1,1,1,1,0303,00,0,00,0,00,0,00,0,00
40245000,1,1,1,1,0303,00,0,00,0,00,0,00,0,00
40255000,1,1,1,1,0303,00,0,00,0,00,0,00,0,00
40265000,1,1,1,1,0303,00,0,00,0,00,0,00,0,00
40275000,1,1,1,1,0303,00,0,00,0,00,0,00,0,00
40285000,1,1,1,1,0303,00,0,00,0,00,0,00,0,00
40295000,1,1,1,1,0303,00,0,00,0,00,0,00,0,00
40305000,1,1,1,1,0303,00,0,00,0,00,0,00,0,00
40315000,1,1,1,1,0303,00,0,00,0,00,0,00,0,00
40325000,1,1,1,1,0303,00,0,00,0,00,0,00,0,00
40335000,1,1,1,1,0303,00,0,00,0,00,0,00,0,00
40345000,1,1,1,1,0303,00,0,00,0,00,0,00,0,00
40355000,1,1,1,1,0303,00,0,00,0,00,0,00,0,00
40365000,1,1,1,1,0303,00,0,00,0,00,0,00,0,00
40375000,1,1,1,1,0303,00,0,00,0,00,0,00,0,00
40385000,1,1,1,1,0303,00,0,00,0,00,0,00,0,00
40395000,1,1,1,1,0303,00,0,00,0,00,0,00,0,00
40405000,1,1,1,1,0303,00,0,00,0,00,0,00,0,00
40415000,1,1,1,1,0303,00,0,00,0,00,0,00,0,00
40425000,1,1,1,1,0303,00,0,00,0,00,0,00,0,00
40435000,1,1,1,1,0303,00,0,00,0,00,0,00,0,00
40445000,1,1,1,1,0303,00,0,00,0,00,0,00,0,00
40455000,1,1,1,1,0303,00,0,00,0,00,0,00,0,00
40465000,1,1,1,1,0303,00,0,00,0,00,0,00,0,00
40475000,1,1,1,1,0303,00,0,00,0,00,0,00,0,00
40485000,1,1,1,1,0303,00,0,00,0,00,0,00,0,00
40495000,1,1,1,1,0303,00,0,00,0,00,0,00,0,00
40505000,1,1,1,1,0303,00,0,00,0,00,0,00,0,00
40515000,1,1,1,1,0303,00,0,00,0,00,0,00,0,00
40525000,1,1,1,1,0303,00,0,00,0,00,0,00,0,00
40535000,1,1,1,1,0303,00,0,00,0,00,0,00,0,00
40545000,1,1,1,1,0303,00,1,00,0,00,0,00,1,00
40555000,1,1,1,1,0303,00,1,00,0,00,0,00,1,00
40565000,1,1,1,1,0303,00,1,01,0,00,0,00,1,01
40575000,1,1,1,1,0303,00,1,00,0,00,0,00,1,00
40585000,1,1,1,1,0303,00,1,00,0,00,0,00,1,00
40595000,1,1,1,1,0303,00,1,00,0,00,0,00,1,00
40605000,1,1,1,1,0303,00,1,00,0,00,0,00,1,00
40615000,1,1,1,1,0303,00,1,00,0,00,0,00,1,00
40625000,1,1,1,1,0303,00,1,00,0,00,0,00,1,00
40635000,1,1,1,1,0303,00,1,00,0,00,0,00,1,00
40645000,1,1,1,1,0303,00,1,00,0,00,0,00,1,00
40655000,1,1,1,1,0303,00,1,01,0,00,0,00,1,01
40665000,1,1,1,1,0303,00,1,00,0,00,0,00,1,00
40675000,1,1,1,1,0303,00,1,01,0,00,0,00,1,01
40685000,1,1,1,1,0303,00,1,01,0,00,0,00,1,01
40695000,1,1,1,1,0303,00,1,00,0,00,0,00,1,00
40705000,1,1,1,1,0303,00,1,00,0,00,0,00,1,00
40715000,1,1,1,1,0303,00,1,00,0,00,0,00,1,00
40725000,1,1,1,1,0303,00,1,00,0,00,0,00,1,00
40735000,1,1,1,1,0303,00,1,00,0,00,0,00,1,00
40745000,1,1,1,1,0303,00,1,00,0,00,0,00,1,00
40755000,1,1,1,1,0303,00,1,00,0,00,0,00,1,00
40765000,1,1,1,1,0303,00,1,00,0,00,0,00,1,00
40775000,1,1,1,1,0303,00,1,00,0,00,0,00,1,00
40785000,1,1,1,1,0303,00,1,01,0,00,0,00,1,01
40795000,1,1,1,1,0303,00,1,01,0,00,0,00,1,01
40805000,1,1,1,1,0303,00,1,01,0,00,0,00,1,01
40815000,1,1,1,1,0303,00,1,00,0,00,0,00,1,00
40825000,1,1,1,1,0303,00,1,00,0,00,0,00,1,00
40835000,1,1,1,1,0303,00,1,00,0,00,0,00,1,00
40845000,1,1,1,1,0303,00,1,00,0,00,0,00,1,00
40855000,1,1,1,1,0303,00,1,01,0,00,0,00,1,01
40865000,1,1,1,1,0303,00,1,00,0,00,0,00,1,00
40875000,1,1,1,1,0303,00,1,00,0,00,0,00,1,00
40885000,1,1,1,1,0303,00,1,00,0,00,0,00,1,00
40895000,1,1,1,1,0303,00,1,01,0,00,0,00,1,01
40905000,1,1,1,1,0303,00,1,00,0,00,0,00,1,00
40915000,1,1,1,1,0303,00,1,01,0,00,0,00,1,01
40925000,1,1,1,1,0303,00,1,01,0,00,0,00,1,01
40935000,1,1,1,1,0303,00,1,01,0,00,0,00,1,01
40945000,1,1,1,1,0303,00,1,00,0,00,0,00,1,00
40955000,1,1,1,1,0303,00,1,00,0,00,0,00,1,00
40965000,1,1,1,1,0303,00,1,00,0,00,0,00,1,00
40975000,1,1,1,1,0303,00,1,00,0,00,0,00,1,00
40985000,1,1,1,1,0303,00,1,00,0,00,0,00,1,00
40995000,1,1,1,1,0303,00,1,00,0,00,0,00,1,00
41005000,1,1,1,1,0303,00,1,00,0,00,0,00,1,00
41015000,1,1,1,1,0303,00,1,00,0,00,0,00,1,00
41025000,1,1,1,1,0303,00,1,00,0,00,0,00,1,00
41035000,1,1,1,1,0303,00,1,00,0,00,0,00,1,00
41045000,1,1,1,1,0303,00,1,00,0,00,0,00,1,00
41055000,1,1,1,1,0303,00,1,00,0,00,0,00,1,00
41065000,0,1,1,1,0303,00,1,00,0,00,0,00,1,00
41085000,0,1,0,0,0000,00,0,00,0,00,0,00,0,00
41095000,0,1,0,0,0000,00,0,00,0,00,0,00,0,00
41105000,0,1,0,0,0000,00,0,00,0,00,0,00,0,00
41115000,0,1,0,0,0000,00,0,00,0,00,0,00,0,00
41125000,0,1,0,0,0000,00,0,00,0,00,0,00,0,00
41135000,0,1,0,0,0000,00,0,00,0,00,0,00,0,00
41145000,0,1,0,0,0000,00,0,00,0,00,0,00,0,00
41155000,0,1,0,0,0000,00,0,00,0,00,0,00,0,00
41165000,0,1,0,0,0000,00,0,00,0,00,0,00,0,00
41175000,0,1,0,0,0000,00,0,00,0,00,0,00,0,00
41185000,0,1,0,0,0000,00,0,00,0,00,0,00,0,00
41195000,0,1,0,0,0000,00,0,00,0,00,0,00,0,00
41205000,0,1,0,0,0000,00,0,00,0,00,0,00,0,00
41215000,0,1,0,0,0000,00,0,00,0,00,0,00,0,00
41225000,0,1,0,0,0000,00,0,00,0,00,0,00,0,00
41235000,0,1,0,0,0000,00,0,00,0,00,0,00,0,00
41245000,0,1,0,0,0000,00,0,00,0,00,0,00,0,00
41255000,0,1,0,0,0000,00,0,00,0,00,0,00,0,00
41265000,0,1,0,0,0000,00,0,00,0,00,0,00,0,00
41275000,0,1,0,0,0000,00,0,00,0,00,0,00,0,00
41285000,0,1,0,0,0000,00,0,00,0,00,0,00,0,00
41295000,0,1,0,0,0000,00,0,00,0,00,0,00,0,00
41305000,0,1,0,0,0000,00,0,00,0,00,0,00,0,00
41315000,0,1,0,0,0000,00,0,00,0,00,0,00,0,00
41325000,0,1,0,0,0000,00,0,00,0,00,0,00,0,00
41335000,0,1,0,0,0000,00,0,00,0,00,0,00,0,00
41345000,0,1,0,0,0000,00,0,00,0,00,0,00,0,00
41355000,0,1,0,0,0000,00,0,00,0,00,0,00,0,00
41365000,0,1,0,0,0000,00,0,00,0,00,0,00,0,00
41375000,0,1,0,0,0000,00,0,00,0,00,0,00,0,00
41385000,0,1,0,0,0000,00,0,00,0,00,0,00,0,00
41395000,0,1,0,0,0000,00,0,00,0,00,0,00,0,00
41405000,0,1,0,0,0000,00,0,00,0,00,0,00,0,00
41415000,0,1,0,0,0000,00,0,00,0,00,0,00,0,00
41425000,0,1,0,0,0000,00,0,00,0,00,0,00,0,00
41435000,0,1,0,0,0000,00,0,00,0,00,0,00,0,00
41445000,0,1,0,0,0000,00,0,00,0,00,0,00,0,00
41455000,0,1,0,0,0000,00,0,00,0,00,0,00,0,00
41465000,0,1,0,0,0000,00,0,00,0,00,0,00,0,00
41475000,0,1,0,0,0000,00,0,00,0,00,0,00,0,00
41485000,0,1,0,0,0000,00,0,00,0,00,0,00,0,00
41495000,0,1,0,0,0000,00,0,00,0,00,0,00,0,00
41505000,0,1,0,0,0000,00,0,00,0,00,0,00,0,00
41515000,0,1,0,0,0000,00,0,00,0,00,0,00,0,00
41525000,0,1,0,0,0000,00,0,00,0,00,0,00,0,00
41535000,0,1,0,0,0000,00,0,00,0,00,0,00,0,00
41545000,0,1,0,0,0000,00,0,00,0,00,0,00,0,00
41555000,0,1,0,0,0000,00,0,00,0,00,0,00,0,00
41565000,0,1,0,0,0000,00,0,00,0,00,0,00,0,00
41575000,0,1,0,0,0000,00,0,00,0,00,0,00,0,00
41585000,0,1,0,0,0000,00,0,00,0,00,0,00,0,00
41595000,0,1,0,0,0000,00,0,00,0,00,0,00,0,00
41605000,0,1,0,0,0000,00,0,00,0,00,0,00,0,00
41615000,0,1,0,0,0000,00,0,00,0,00,0,00,0,00
41625000,0,1,0,0,0000,00,0,00,0,00,0,00,0,00
41635000,0,1,0,0,0000,00,0,00,0,00,0,00,0,00
41645000,0,1,0,0,0000,00,0,00,0,00,0,00,0,00
41655000,0,1,0,0,0000,00,0,00,0,00,0,00,0,00
41665000,0,1,0,0,0000,00,0,00,0,00,0,00,0,00
41675000,0,1,0,0,0000,00,0,00,0,00,0,00,0,00
41685000,0,1,0,0,0000,00,0,00,0,00,0,00,0,00
41695000,0,1,0,0,0000,00,0,00,0,00,0,00,0,00
41705000,0,1,0,0,0000,00,0,00,0,00,0,00,0,00
41715000,0,1,0,0,0000,00,0,00,0,00,0,00,0,00
41725000,0,1,0,0,0000,00,0,00,0,00,0,00,0,00
41735000,0,1,0,0,0000,00,0,00,0,00,0,00,0,00
41745000,0,1,0,0,0000,00,0,00,0,00,0,00,0,00
41755000,0,1,0,0,0000,00,0,00,0,00,0,00,0,00
41765000,0,1,0,0,0000,00,0,00,0,00,0,00,0,00
41775000,0,1,0,0,0000,00,0,00,0,00,0,00,0,00
41785000,0,1,0,0,0000,00,0,00,0,00,0,00,0,00
41795000,0,1,0,0,0000,00,0,00,0,00,0,00,0,00
41805000,0,1,0,0,0000,00,0,00,0,00,0,00,0,00
41815000,0,1,0,0,0000,00,0,00,0,00,0,00,0,00
41825000,0,1,0,0,0000,00,0,00,0,00,0,00,0,00
41835000,0,1,0,0,0000,00,0,00,0,00,0,00,0,00
41845000,0,1,0,0,0000,00,0,00,0,00,0,00,0,00
41855000,0,1,0,0,0000,00,0,00,0,00,0,00,0,00
41865000,0,1,0,0,0000,00,0,00,0,00,0,00,0,00
41875000,0,1,0,0,0000,00,0,00,0,00,0,00,0,00
41885000,0,1,0,0,0000,00,0,00,0,00,0,00,0,00
41895000,0,1,0,0,0000,00,0,00,0,00,0,00,0,00
41905000,0,1,0,0,0000,00,0,00,0,00,0,00,0,00
41915000,0,1,0,0,0000,00,0,00,0,00,0,00,0,00
41925000,0,1,0,0,0000,00,0,00,0,00,0,00,0,00
41935000,0,1,0,0,0000,00,0,00,0,00,0,00,0,00
41945000,0,1,0,0,0000,00,0,00,0,00,0,00,0,00
41955000,0,1,0,0,0000,00,0,00,0,00,0,00,0,00
41965000,0,1,0,0,0000,00,0,00,0,00,0,00,0,00
41975000,0,1,0,0,0000,00,0,00,0,00,0,00,0,00
41985000,0,1,0,0,0000,00,0,00,0,00,0,00,0,00
41995000,0,1,0,0,0000,00,0,00,0,00,0,00,0,00
42005000,0,1,0,0,0000,00,0,00,0,00,0,00,0,00
42015000,0,1,0,0,0000,00,0,00,0,00,0,00,0,00
42025000,0,1,0,0,0000,00,0,00,0,00,0,00,0,00
42035000,0,1,0,0,0000,00,0,00,0,00,0,00,0,00
42045000,0,1,0,0,0000,00,0,00,0,00,0,00,0,00
42055000,0,1,0,0,0000,00,0,00,0,00,0,00,0,00
42065000,0,1,0,0,0000,00,0,00,0,00,0,00,0,00
42075000,0,1,0,0,0000,00,0,00,0,00,0,00,0,00
42085000,0,1,0,0,0000,00,0,00,0,00,0,00,0,00
42095000,0,1,0,0,0000,00,0,00,0,00,0,00,0,00
42105000,0,1,0,0,0000,00,0,00,0,00,0,00,0,00
42115000,0,1,0,0,0000,00,0,00,0,00,0,00,0,00
42125000,0,1,0,0,0000,00,0,00,0,00,0,00,0,00
42135000,0,1,0,0,0000,00,0,00,0,00,0,00,0,00
42145000,0,1,0,0,0000,00,0,00,0,00,0,00,0,00
42155000,0,1,0,0,0000,00,0,00,0,00,0,00,0,00
42165000,0,1,0,0,0000,00,0,00,0,00,0,00,0,00
42175000,0,1,0,0,0000,00,0,00,0,00,0,00,0,00
42185000,0,1,0,0,0000,00,0,00,0,00,0,00,0,00
42195000,0,1,0,0,0000,00,0,00,0,00,0,00,0,00
42205000,0,1,0,0,0000,00,0,00,0,00,0,00,0,00
42215000,0,1,0,0,0000,00,0,00,0,00,0,00,0,00
42225000,0,1,0,0,0000,00,0,00,0,00,0,00,0,00
42235000,0,1,0,0,0000,00,0,00,0,00,0,00,0,00
42245000,0,1,0,0,0000,00,0,00,0,00,0,00,0,00
42255000,0,1,0,0,0000,00,0,00,0,00,0,00,0,00
42265000,0,1,0,0,0000,00,0,00,0,00,0,00,0,00
42275000,0,1,0,0,0000,00,0,00,0,00,0,00,0,00
42285000,0,1,0,0,0000,00,0,00,0,00,0,00,0,00
42295000,0,1,0,0,0000,00,0,00,0,00,0,00,0,00
42305000,0,1,0,0,0000,00,0,00,0,00,0,00,0,00
42315000,0,1,0,0,0000,00,0,00,0,00,0,00,0,00
42325000,0,1,0,0,0000,00,0,00,0,00,0,00,0,00
42335000,0,1,0,0,0000,00,0,00,0,00,0,00,0,00
42345000,0,1,0,0,0000,00,0,00,0,00,0,00,0,00
42355000,0,1,0,0,0000,00,0,00,0,00,0,00,0,00
42365000,0,1,0,0,0000,00,0,00,0,00,0,00,0,00
42375000,0,1,0,0,0000,00,0,00,0,00,0,00,0,00
42385000,0,1,0,0,0000,00,0,00,0,00,0,00,0,00
42395000,0,1,0,0,0000,00,0,00,0,00,0,00,0,00
42405000,0,1,0,0,0000,00,0,00,0,00,0,00,0,00
42415000,0,1,0,0,0000,00,0,00,0,00,0,00,0,00
42425000,0,1,0,0,0000,00,0,00,0,00,0,00,0,00
42435000,0,1,0,0,0000,00,0,00,0,00,0,00,0,00
42445000,0,1,0,0,0000,00,0,00,0,00,0,00,0,00
42455000,0,1,0,0,0000,00,0,00,0,00,0,00,0,00
42465000,0,1,0,0,0000,00,0,00,0,00,0,00,0,00
42475000,0,1,0,0,0000,00,0,00,0,00,0,00,0,00
42485000,0,1,0,0,0000,00,0,00,0,00,0,00,0,00
42495000,0,1,0,0,0000,00,0,00,0,00,0,00,0,00
42505000,0,1,0,0,0000,00,0,00,0,00,0,00,0,00
42515000,0,1,0,0,0000,00,0,00,0,00,0,00,0,00
42525000,0,1,0,0,0000,00,0,00,0,00,0,00,0,00
42535000,0,1,0,0,0000,00,0,00,0,00,0,00,0,00
42545000,0,1,0,0,0000,00,0,00,0,00,0,00,0,00
42555000,0,1,0,0,0000,00,0,00,0,00,0,00,0,00
42565000,0,1,0,0,0000,00,0,00,0,00,0,00,0,00
42575000,0,1,0,0,0000,00,0,00,0,00,0,00,0,00
42585000,0,1,0,0,0000,00,0,00,0,00,0,00,0,00
42595000,0,1,0,0,0000,00,0,00,0,00,0,00,0,00
42605000,0,1,0,0,0000,00,0,00,0,00,0,00,0,00
42615000,0,1,0,0,0000,00,0,00,0,00,0,00,0,00
42625000,0,1,0,0,0000,00,0,00,0,00,0,00,0,00
42635000,0,1,0,0,0000,00,0,00,0,00,0,00,0,00
42645000,0,1,0,0,0000,00,0,00,0,00,0,00,0,00
42655000,0,1,0,0,0000,00,0,00,0,00,0,00,0,00
42665000,0,1,0,0,0000,00,0,00,0,00,0,00,0,00
42675000,0,1,0,0,0000,00,0,00,0,00,0,00,0,00
42685000,0,1,0,0,0000,00,0,00,0,00,0,00,0,00
42695000,0,1,0,0,0000,00,0,00,0,00,0,00,0,00
42705000,0,1,0,0,0000,00,0,00,0,00,0,00,0,00
42715000,0,1,0,0,0000,00,0,00,0,00,0,00,0,00
42725000,0,1,0,0,0000,00,0,00,0,00,0,00,0,00
42735000,0,1,0,0,0000,00,0,00,0,00,0,00,0,00
42745000,0,1,0,0,0000,00,0,00,0,00,0,00,0,00
42755000,0,1,0,0,0000,00,0,00,0,00,0,00,0,00
42765000,0,1,0,0,0000,00,0,00,0,00,0,00,0,00
42775000,0,1,0,0,0000,00,0,00,0,00,0,00,0,00
42785000,0,1,0,0,0000,00,0,00,0,00,0,00,0,00
42795000,0,1,0,0,0000,00,0,00,0,00,0,00,0,00
42805000,0,1,0,0,0000,00,0,00,0,00,0,00,0,00
42815000,0,1,0,0,0000,00,0,00,0,00,0,00,0,00
42825000,0,1,0,0,0000,00,0,00,0,00,0,00,0,00
42835000,0,1,0,0,0000,00,0,00,0,00,0,00,0,00
42845000,0,1,0,0,0000,00,0,00,0,00,0,00,0,00
42855000,0,1,0,0,0000,00,0,00,0,00,0,00,0,00
42865000,0,1,0,0,0000,00,0,00,0,00,0,00,0,00
42875000,0,1,0,0,0000,00,0,00,0,00,0,00,0,00
42885000,0,1,0,0,0000,00,0,00,0,00,0,00,0,00
42895000,0,1,0,0,0000,00,0,00,0,00,0,00,0,00
42905000,0,1,0,0,0000,00,0,00,0,00,0,00,0,00
42915000,0,1,0,0,0000,00,0,00,0,00,0,00,0,00
42925000,0,1,0,0,0000,00,0,00,0,00,0,00,0,00
42935000,0,1,0,0,0000,00,0,00,0,00,0,00,0,00
42945000,0,1,0,0,0000,00,0,00,0,00,0,00,0,00
42955000,0,1,0,0,0000,00,0,00,0,00,0,00,0,00
42965000,0,1,0,0,0000,00,0,00,0,00,0,00,0,00
42975000,0,1,0,0,0000,00,0,00,0,00,0,00,0,00
42985000,0,1,0,0,0000,00,0,00,0,00,0,00,0,00
42995000,0,1,0,0,0000,00,0,00,0,00,0,00,0,00
43005000,0,1,0,0,0000,00,0,00,0,00,0,00,0,00
43015000,0,1,0,0,0000,00,0,00,0,00,0,00,0,00
43025000,0,1,0,0,0000,00,0,00,0,00,0,00,0,00
43035000,0,1,0,0,0000,00,0,00,0,00,0,00,0,00
43045000,0,1,0,0,0000,00,0,00,0,00,0,00,0,00
43055000,0,1,0,0,0000,00,0,00,0,00,0,00,0,00
43065000,0,1,0,0,0000,00,0,00,0,00,0,00,0,00
43075000,0,1,0,0,0000,00,0,00,0,00,0,00,0,00
43085000,0,1,0,0,0000,00,0,00,0,00,0,00,0,00
43095000,0,1,0,0,0000,00,0,00,0,00,0,00,0,00
43105000,0,1,0,0,0000,00,0,00,0,00,0,00,0,00
43115000,0,1,0,0,0000,00,0,00,0,00,0,00,0,00
43125000,0,1,0,0,0000,00,0,00,0,00,0,00,0,00
43135000,0,1,0,0,0000,00,0,00,0,00,0,00,0,00
43145000,0,1,0,0,0000,00,0,00,0,00,0,00,0,00
43155000,0,1,0,0,0000,00,0,00,0,00,0,00,0,00
43165000,0,1,0,0,0000,00,0,00,0,00,0,00,0,00
43175000,0,1,0,0,0000,00,0,00,0,00,0,00,0,00
43185000,0,1,0,0,0000,00,0,00,0,00,0,00,0,00
43195000,0,1,0,0,0000,00,0,00,0,00,0,00,0,00
43205000,0,1,0,0,0000,00,0,00,0,00,0,00,0,00
43215000,0,1,0,0,0000,00,0,00,0,00,0,00,0,00
43225000,0,1,0,0,0000,00,0,00,0,00,0,00,0,00
43235000,0,1,0,0,0000,00,0,00,0,00,0,00,0,00
43245000,0,1,0,0,0000,00,0,00,0,00,0,00,0,00
43255000,0,1,0,0,0000,00,0,00,0,00,0,00,0,00
43265000,0,1,0,0,0000,00,0,00,0,00,0,00,0,00
43275000,0,1,0,0,0000,00,0,00,0,00,0,00,0,00
43285000,0,1,0,0,0000,00,0,00,0,00,0,00,0,00
43295000,0,1,0,0,0000,00,0,00,0,00,0,00,0,00
43305000,0,1,0,0,0000,00,0,00,0,00,0,00,0,00
43315000,0,1,0,0,0000,00,0,00,0,00,0,00,0,00
43325000,0,1,0,0,0000,00,0,00,0,00,0,00,0,00
43335000,0,1,0,0,0000,00,0,00,0,00,0,00,0,00
43345000,0,1,0,0,0000,00,0,00,0,00,0,00,0,00
43355000,0,1,0,0,0000,00,0,00,0,00,0,00,0,00
43365000,0,1,0,0,0000,00,0,00,0,00,0,00,0,00
43375000,0,1,0,0,0000,00,0,00,0,00,0,00,0,00
43385000,0,1,0,0,0000,00,0,00,0,00,0,00,0,00
43395000,0,1,0,0,0000,00,0,00,0,00,0,00,0,00
43405000,0,1,0,0,0000,00,0,00,0,00,0,00,0,00
43415000,0,1,0,0,0000,00,0,00,0,00,0,00,0,00
43425000,0,1,0,0,0000,00,0,00,0,00,0,00,0,00
43435000,0,1,0,0,0000,00,0,00,0,00,0,00,0,00
43445000,0,1,0,0,0000,00,0,00,0,00,0,00,0,00
43455000,0,1,0,0,0000,00,0,00,0,00,0,00,0,00
43465000,0,1,0,0,0000,00,0,00,0,00,0,00,0,00
43475000,0,1,0,0,0000,00,0,00,0,00,0,00,0,00
43485000,0,1,0,0,0000,00,0,00,0,00,0,00,0,00
43495000,0,1,0,0,0000,00,0,00,0,00,0,00,0,00
43505000,0,1,0,0,0000,00,0,00,0,00,0,00,0,00
43515000,0,1,0,0,0000,00,0,00,0,00,0,00,0,00
43525000,0,1,0,0,0000,00,0,00,0,00,0,00,0,00
43535000,0,1,0,0,0000,00,0,00,0,00,0,00,0,00
43545000,0,1,0,0,0000,00,0,00,0,00,0,00,0,00
43555000,0,1,0,0,0000,00,0,00,0,00,0,00,0,00
43565000,0,1,0,0,0000,00,0,00,0,00,0,00,0,00
43575000,0,1,0,0,0000,00,0,00,0,00,0,00,0,00
43585000,0,1,0,0,0000,00,0,00,0,00,0,00,0,00
43595000,0,1,0,0,0000,00,0,00,0,00,0,00,0,00
43605000,0,1,0,0,0000,00,0,00,0,00,0,00,0,00
43615000,0,1,0,0,0000,00,0,00,0,00,0,00,0,00
43625000,0,1,0,0,0000,00,0,00,0,00,0,00,0,00
43635000,0,1,0,0,0000,00,0,00,0,00,0,00,0,00
43645000,0,1,0,0,0000,00,0,00,0,00,0,00,0,00
43655000,0,1,0,0,0000,00,0,00,0,00,0,00,0,00
43665000,0,1,0,0,0000,00,0,00,0,00,0,00,0,00
43675000,0,1,0,0,0000,00,0,00,0,00,0,00,0,00
43685000,0,1,0,0,0000,00,0,00,0,00,0,00,0,00
43695000,0,1,0,0,0000,00,0,00,0,00,0,00,0,00
43705000,0,1,0,0,0000,00,0,00,0,00,0,00,0,00
43715000,0,1,0,0,0000,00,0,00,0,00,0,00,0,00
43725000,0,1,0,0,0000,00,0,00,0,00,0,00,0,00
43735000,0,1,0,0,0000,00,0,00,0,00,0,00,0,00
43745000,0,1,0,0,0000,00,0,00,0,00,0,00,0,00
43755000,0,1,0,0,0000,00,0,00,0,00,0,00,0,00
43765000,0,1,0,0,0000,00,0,00,0,00,0,00,0,00
43775000,0,1,0,0,0000,00,0,00,0,00,0,00,0,00
43785000,0,1,0,0,0000,00,0,00,0,00,0,00,0,00
43795000,0,1,0,0,0000,00,0,00,0,00,0,00,0,00
43805000,0,1,0,0,0000,00,0,00,0,00,0,00,0,00
43815000,0,1,0,0,0000,00,0,00,0,00,0,00,0,00
43825000,0,1,0,0,0000,00,0,00,0,00,0,00,0,00
43835000,0,1,0,0,0000,00,0,00,0,00,0,00,0,00
43845000,0,1,0,0,0000,00,0,00,0,00,0,00,0,00
43855000,0,1,0,0,0000,00,0,00,0,00,0,00,0,00
43865000,0,1,0,0,0000,00,0,00,0,00,0,00,0,00
43875000,0,1,0,0,0000,00,0,00,0,00,0,00,0,00
43885000,0,1,0,0,0000,00,0,00,0,00,0,00,0,00
43895000,0,1,0,0,0000,00,0,00,0,00,0,00,0,00
43905000,0,1,0,0,0000,00,0,00,0,00,0,00,0,00
43915000,0,1,0,0,0000,00,0,00,0,00,0,00,0,00
43925000,0,1,0,0,0000,00,0,00,0,00,0,00,0,00
43935000,0,1,0,0,0000,00,0,00,0,00,0,00,0,00
43945000,0,1,0,0,0000,00,0,00,0,00,0,00,0,00
43955000,0,1,0,0,0000,00,0,00,0,00,0,00,0,00
43965000,0,1,0,0,0000,00,0,00,0,00,0,00,0,00
43975000,0,1,0,0,0000,00,0,00,0,00,0,00,0,00
43985000,0,1,0,0,0000,00,0,00,0,00,0,00,0,00
43995000,0,1,0,0,0000,00,0,00,0,00,0,00,0,00
44005000,0,1,0,0,0000,00,0,00,0,00,0,00,0,00
44015000,0,1,0,0,0000,00,0,00,0,00,0,00,0,00
44025000,0,1,0,0,0000,00,0,00,0,00,0,00,0,00
44035000,0,1,0,0,0000,00,0,00,0,00,0,00,0,00
44045000,0,1,0,0,0000,00,0,00,0,00,0,00,0,00
44055000,0,1,0,0,0000,00,0,00,0,00,0,00,0,00
44065000,0,1,0,0,0000,00,0,00,0,00,0,00,0,00
44075000,0,1,0,0,0000,00,0,00,0,00,0,00,0,00
44085000,0,1,0,0,0000,00,0,00,0,00,0,00,0,00
44095000,0,1,0,0,0000,00,0,00,0,00,0,00,0,00
44105000,0,1,0,0,0000,00,0,00,0,00,0,00,0,00
44115000,0,1,0,0,0000,00,0,00,0,00,0,00,0,00
44125000,0,1,0,0,0000,00,0,00,0,00,0,00,0,00
44135000,0,1,0,0,0000,00,0,00,0,00,0,00,0,00
44145000,0,1,0,0,0000,00,0,00,0,00,0,00,0,00
44155000,0,1,0,0,0000,00,0,00,0,00,0,00,0,00
44165000,0,1,0,0,0000,00,0,00,0,00,0,00,0,00
44175000,0,1,0,0,0000,00,0,00,0,00,0,00,0,00
44185000,0,1,0,0,0000,00,0,00,0,00,0,00,0,00
44195000,0,1,0,0,0000,00,0,00,0,00,0,00,0,00
44205000,0,1,0,0,0000,00,0,00,0,00,0,00,0,00
44215000,0,1,0,0,0000,00,0,00,0,00,0,00,0,00
44225000,0,1,0,0,0000,00,0,00,0,00,0,00,0,00
44235000,0,1,0,0,0000,00,0,00,0,00,0,00,0,00
44245000,0,1,0,0,0000,00,0,00,0,00,0,00,0,00
44255000,0,1,0,0,0000,00,0,00,0,00,0,00,0,00
44265000,0,1,0,0,0000,00,0,00,0,00,0,00,0,00
44275000,0,1,0,0,0000,00,0,00,0,00,0,00,0,00
44285000,0,1,0,0,0000,00,0,00,0,00,0,00,0,00
44295000,0,1,0,0,0000,00,0,00,0,00,0,00,0,00
44305000,0,1,0,0,0000,00,0,00,0,00,0,00,0,00
44315000,0,1,0,0,0000,00,0,00,0,00,0,00,0,00
44325000,0,1,0,0,0000,00,0,00,0,00,0,00,0,00
44335000,0,1,0,0,0000,00,0,00,0,00,0,00,0,00
44345000,0,1,0,0,0000,00,0,00,0,00,0,00,0,00
44355000,0,1,0,0,0000,00,0,00,0,00,0,00,0,00
44365000,0,1,0,0,0000,00,0,00,0,00,0,00,0,00
44375000,0,1,0,0,0000,00,0,00,0,00,0,00,0,00
44385000,0,1,0,0,0000,00,0,00,0,00,0,00,0,00
44395000,0,1,0,0,0000,00,0,00,0,00,0,00,0,00
44405000,0,1,0,0,0000,00,0,00,0,00,0,00,0,00
44415000,0,1,0,0,0000,00,0,00,0,00,0,00,0,00
44425000,0,1,0,0,0000,00,0,00,0,00,0,00,0,00
44435000,0,1,0,0,0000,00,0,00,0,00,0,00,0,00
44445000,0,1,0,0,0000,00,0,00,0,00,0,00,0,00
44455000,0,1,0,0,0000,00,0,00,0,00,0,00,0,00
44465000,0,1,0,0,0000,00,0,00,0,00,0,00,0,00
44475000,0,1,0,0,0000,00,0,00,0,00,0,00,0,00
44485000,0,1,0,0,0000,00,0,00,0,00,0,00,0,00
44495000,0,1,0,0,0000,00,0,00,0,00,0,00,0,00
44505000,0,1,0,0,0000,00,0,00,0,00,0,00,0,00
44515000,0,1,0,0,0000,00,0,00,0,00,0,00,0,00
44525000,0,1,0,0,0000,00,0,00,0,00,0,00,0,00
44535000,0,1,0,0,0000,00,0,00,0,00,0,00,0,00
44545000,0,1,0,0,0000,00,0,00,0,00,0,00,0,00
44555000,0,1,0,0,0000,00,0,00,0,00,0,00,0,00
44565000,0,1,0,0,0000,00,0,00,0,00,0,00,0,00
44575000,0,1,0,0,0000,00,0,00,0,00,0,00,0,00
44585000,0,1,0,0,0000,00,0,00,0,00,0,00,0,00
44595000,0,1,0,0,0000,00,0,00,0,00,0,00,0,00
44605000,0,1,0,0,0000,00,0,00,0,00,0,00,0,00
44615000,0,1,0,0,0000,00,0,00,0,00,0,00,0,00
44625000,0,1,0,0,0000,00,0,00,0,00,0,00,0,00
44635000,0,1,0,0,0000,00,0,00,0,00,0,00,0,00
44645000,0,1,0,0,0000,00,0,00,0,00,0,00,0,00
44655000,0,1,0,0,0000,00,0,00,0,00,0,00,0,00
44665000,0,1,0,0,0000,00,0,00,0,00,0,00,0,00
44675000,0,1,0,0,0000,00,0,00,0,00,0,00,0,00
44685000,0,1,0,0,0000,00,0,00,0,00,0,00,0,00
44695000,0,1,0,0,0000,00,0,00,0,00,0,00,0,00
44705000,0,1,0,0,0000,00,0,00,0,00,0,00,0,00
44715000,0,1,0,0,0000,00,0,00,0,00,0,00,0,00
44725000,0,1,0,0,0000,00,0,00,0,00,0,00,0,00
44735000,0,1,0,0,0000,00,0,00,0,00,0,00,0,00
44745000,0,1,0,0,0000,00,0,00,0,00,0,00,0,00
44755000,0,1,0,0,0000,00,0,00,0,00,0,00,0,00
44765000,0,1,0,0,0000,00,0,00,0,00,0,00,0,00
44775000,0,1,0,0,0000,00,0,00,0,00,0,00,0,00
44785000,0,1,0,0,0000,00,0,00,0,00,0,00,0,00
44795000,0,1,0,0,0000,00,0,00,0,00,0,00,0,00
44805000,0,1,0,0,0000,00,0,00,0,00,0,00,0,00
44815000,0,1,0,0,0000,00,0,00,0,00,0,00,0,00
44825000,0,1,0,0,0000,00,0,00,0,00,0,00,0,00
44835000,0,1,0,0,0000,00,0,00,0,00,0,00,0,00
44845000,0,1,0,0,0000,00,0,00,0,00,0,00,0,00
44855000,0,1,0,0,0000,00,0,00,0,00,0,00,0,00
44865000,0,1,0,0,0000,00,0,00,0,00,0,00,0,00
44875000,0,1,0,0,0000,00,0,00,0,00,0,00,0,00
44885000,0,1,0,0,0000,00,0,00,0,00,0,00,0,00
44895000,0,1,0,0,0000,00,0,00,0,00,0,00,0,00
44905000,0,1,0,0,0000,00,0,00,0,00,0,00,0,00
44915000,0,1,0,0,0000,00,0,00,0,00,0,00,0,00
44925000,0,1,0,0,0000,00,0,00,0,00,0,00,0,00
44935000,0,1,0,0,0000,00,0,00,0,00,0,00,0,00
44945000,0,1,0,0,0000,00,0,00,0,00,0,00,0,00
44955000,0,1,0,0,0000,00,0,00,0,00,0,00,0,00
44965000,0,1,0,0,0000,00,0,00,0,00,0,00,0,00
44975000,0,1,0,0,0000,00,0,00,0,00,0,00,0,00
44985000,0,1,0,0,0000,00,0,00,0,00,0,00,0,00
44995000,0,1,0,0,0000,00,0,00,0,00,0,00,0,00
45005000,0,1,0,0,0000,00,0,00,0,00,0,00,0,00
45015000,0,1,0,0,0000,00,0,00,0,00,0,00,0,00
45025000,0,1,0,0,0000,00,0,00,0,00,0,00,0,00
45035000,0,1,0,0,0000,00,0,00,0,00,0,00,0,00
45045000,0,1,0,0,0000,00,0,00,0,00,0,00,0,00
45055000,0,1,0,0,0000,00,0,00,0,00,0,00,0,00
45065000,0,1,0,0,0000,00,0,00,0,00,0,00,0,00
45075000,0,1,0,0,0000,00,0,00,0,00,0,00,0,00
45085000,0,1,0,0,0000,00,0,00,0,00,0,00,0,00
45095000,0,1,0,0,0000,00,0,00,0,00,0,00,0,00
45105000,0,1,0,0,0000,00,0,00,0,00,0,00,0,00
45115000,0,1,0,0,0000,00,0,00,0,00,0,00,0,00
45125000,0,1,0,0,0000,00,0,00,0,00,0,00,0,00
45135000,0,1,0,0,0000,00,0,00,0,00,0,00,0,00
45145000,0,1,0,0,0000,00,0,00,0,00,0,00,0,00
45155000,0,1,0,0,0000,00,0,00,0,00,0,00,0,00
45165000,0,1,0,0,0000,00,0,00,0,00,0,00,0,00
45175000,0,1,0,0,0000,00,0,00,0,00,0,00,0,00
45185000,0,1,0,0,0000,00,0,00,0,00,0,00,0,00
45195000,0,1,0,0,0000,00,0,00,0,00,0,00,0,00
45205000,0,1,0,0,0000,00,0,00,0,00,0,00,0,00
45215000,0,1,0,0,0000,00,0,00,0,00,0,00,0,00
45225000,0,1,0,0,0000,00,0,00,0,00,0,00,0,00
45235000,0,1,0,0,0000,00,0,00,0,00,0,00,0,00
45245000,0,1,0,0,0000,00,0,00,0,00,0,00,0,00
45255000,0,1,0,0,0000,00,0,00,0,00,0,00,0,00
45265000,0,1,0,0,0000,00,0,00,0,00,0,00,0,00
45275000,0,1,0,0,0000,00,0,00,0,00,0,00,0,00
45285000,0,1,0,0,0000,00,0,00,0,00,0,00,0,00
45295000,0,1,0,0,0000,00,0,00,0,00,0,00,0,00
45305000,0,1,0,0,0000,00,0,00,0,00,0,00,0,00
45315000,0,1,0,0,0000,00,0,00,0,00,0,00,0,00
45325000,0,1,0,0,0000,00,0,00,0,00,0,00,0,00
45335000,0,1,0,0,0000,00,0,00,0,00,0,00,0,00
45345000,0,1,0,0,0000,00,0,00,0,00,0,00,0,00
45355000,0,1,0,0,0000,00,0,00,0,00,0,00,0,00
45365000,0,1,0,0,0000,00,0,00,0,00,0,00,0,00
45375000,0,1,0,0,0000,00,0,00,0,00,0,00,0,00
45385000,0,1,0,0,0000,00,0,00,0,00,0,00,0,00
45395000,0,1,0,0,0000,00,0,00,0,00,0,00,0,00
45405000,0,1,0,0,0000,00,0,00,0,00,0,00,0,00
45415000,0,1,0,0,0000,00,0,00,0,00,0,00,0,00
45425000,0,1,0,0,0000,00,0,00,0,00,0,00,0,00
45435000,0,1,0,0,0000,00,0,00,0,00,0,00,0,00
45445000,0,1,0,0,0000,00,0,00,0,00,0,00,0,00
45455000,0,1,0,0,0000,00,0,00,0,00,0,00,0,00
45465000,0,1,0,0,0000,00,0,00,0,00,0,00,0,00
45475000,0,1,0,0,0000,00,0,00,0,00,0,00,0,00
45485000,0,1,0,0,0000,00,0,00,0,00,0,00,0,00
45495000,0,1,0,0,0000,00,0,00,0,00,0,00,0,00
45505000,0,1,0,0,0000,00,0,00,0,00,0,00,0,00
45515000,0,1,0,0,0000,00,0,00,0,00,0,00,0,00
45525000,0,1,0,0,0000,00,0,00,0,00,0,00,0,00
45535000,0,1,0,0,0000,00,0,00,0,00,0,00,0,00
45545000,0,1,0,0,0000,00,0,00,0,00,0,00,0,00
45555000,0,1,0,0,0000,00,0,00,0,00,0,00,0,00
45565000,0,1,0,0,0000,00,0,00,0,00,0,00,0,00
45575000,0,1,0,0,0000,00,0,00,0,00,0,00,0,00
45585000,0,1,0,0,0000,00,0,00,0,00,0,00,0,00
45595000,0,1,0,0,0000,00,0,00,0,00,0,00,0,00
45605000,0,1,0,0,0000,00,0,00,0,00,0,00,0,00
45615000,0,1,0,0,0000,00,0,00,0,00,0,00,0,00
45625000,0,1,0,0,0000,00,0,00,0,00,0,00,0,00
45635000,0,1,0,0,0000,00,0,00,0,00,0,00,0,00
45645000,0,1,0,0,0000,00,0,00,0,00,0,00,0,00
45655000,0,1,0,0,0000,00,0,00,0,00,0,00,0,00
45665000,0,1,0,0,0000,00,0,00,0,00,0,00,0,00
45675000,0,1,0,0,0000,00,0,00,0,00,0,00,0,00
45685000,0,1,0,0,0000,00,0,00,0,00,0,00,0,00
45695000,0,1,0,0,0000,00,0,00,0,00,0,00,0,00
45705000,0,1,0,0,0000,00,0,00,0,00,0,00,0,00
45715000,0,1,0,0,0000,00,0,00,0,00,0,00,0,00
45725000,0,1,0,0,0000,00,0,00,0,00,0,00,0,00
45735000,0,1,0,0,0000,00,0,00,0,00,0,00,0,00
45745000,0,1,0,0,0000,00,0,00,0,00,0,00,0,00
45755000,0,1,0,0,0000,00,0,00,0,00,0,00,0,00
45765000,0,1,0,0,0000,00,0,00,0,00,0,00,0,00
45775000,0,1,0,0,0000,00,0,00,0,00,0,00,0,00
45785000,0,1,0,0,0000,00,0,00,0,00,0,00,0,00
45795000,0,1,0,0,0000,00,0,00,0,00,0,00,0,00
45805000,0,1,0,0,0000,00,0,00,0,00,0,00,0,00
45815000,0,1,0,0,0000,00,0,00,0,00,0,00,0,00
45825000,0,1,0,0,0000,00,0,00,0,00,0,00,0,00
45835000,0,1,0,0,0000,00,0,00,0,00,0,00,0,00
45845000,0,1,0,0,0000,00,0,00,0,00,0,00,0,00
45855000,0,1,0,0,0000,00,0,00,0,00,0,00,0,00
45865000,0,1,0,0,0000,00,0,00,0,00,0,00,0,00
45875000,0,1,0,0,0000,00,0,00,0,00,0,00,0,00
45885000,0,1,0,0,0000,00,0,00,0,00,0,00,0,00
45895000,0,1,0,0,0000,00,0,00,0,00,0,00,0,00
45905000,0,1,0,0,0000,00,0,00,0,00,0,00,0,00
45915000,0,1,0,0,0000,00,0,00,0,00,0,00,0,00
45925000,0,1,0,0,0000,00,0,00,0,00,0,00,0,00
45935000,0,1,0,0,0000,00,0,00,0,00,0,00,0,00
45945000,0,1,0,0,0000,00,0,00,0,00,0,00,0,00
45955000,0,1,0,0,0000,00,0,00,0,00,0,00,0,00
45965000,0,1,0,0,0000,00,0,00,0,00,0,00,0,00
45975000,0,1,0,0,0000,00,0,00,0,00,0,00,0,00
45985000,0,1,0,0,0000,00,0,00,0,00,0,00,0,00
45995000,0,1,0,0,0000,00,0,00,0,00,0,00,0,00
46005000,0,1,0,0,0000,00,0,00,0,00,0,00,0,00
46015000,0,1,0,0,0000,00,0,00,0,00,0,00,0,00
46025000,0,1,0,0,0000,00,0,00,0,00,0,00,0,00
46035000,0,1,0,0,0000,00,0,00,0,00,0,00,0,00
46045000,0,1,0,0,0000,00,0,00,0,00,0,00,0,00
46055000,0,1,0,0,0000,00,0,00,0,00,0,00,0,00
46065000,0,1,0,0,0000,00,0,00,0,00,0,00,0,00
46075000,0,1,0,0,0000,00,0,00,0,00,0,00,0,00
46085000,0,1,0,0,0000,00,0,00,0,00,0,00,0,00
46095000,0,1,0,0,0000,00,0,00,0,00,0,00,0,00
46105000,0,1,0,0,0000,00,0,00,0,00,0,00,0,00
46115000,0,1,0,0,0000,00,0,00,0,00,0,00,0,00
46125000,0,1,0,0,0000,00,0,00,0,00,0,00,0,00
46135000,0,1,0,0,0000,00,0,00,0,00,0,00,0,00
46145000,0,1,0,0,0000,00,0,00,0,00,0,00,0,00
46155000,0,1,0,0,0000,00,0,00,0,00,0,00,0,00
46165000,0,1,0,0,0000,00,0,00,0,00,0,00,0,00
46175000,0,1,0,0,0000,00,0,00,0,00,0,00,0,00
46185000,0,1,0,0,0000,00,0,00,0,00,0,00,0,00
46195000,0,1,0,0,0000,00,0,00,0,00,0,00,0,00
46205000,0,1,0,0,0000,00,0,00,0,00,0,00,0,00
46215000,0,1,0,0,0000,00,0,00,0,00,0,00,0,00
46225000,0,1,0,0,0000,00,0,00,0,00,0,00,0,00
46235000,0,1,0,0,0000,00,0,00,0,00,0,00,0,00
46245000,0,1,0,0,0000,00,0,00,0,00,0,00,0,00
46255000,0,1,0,0,0000,00,0,00,0,00,0,00,0,00
46265000,0,1,0,0,0000,00,0,00,0,00,0,00,0,00
46275000,0,1,0,0,0000,00,0,00,0,00,0,00,0,00
46285000,0,1,0,0,0000,00,0,00,0,00,0,00,0,00
46295000,0,1,0,0,0000,00,0,00,0,00,0,00,0,00
46305000,0,1,0,0,0000,00,0,00,0,00,0,00,0,00
46315000,0,1,0,0,0000,00,0,00,0,00,0,00,0,00
46325000,0,1,0,0,0000,00,0,00,0,00,0,00,0,00
46335000,0,1,0,0,0000,00,0,00,0,00,0,00,0,00
46345000,0,1,0,0,0000,00,0,00,0,00,0,00,0,00
46355000,0,1,0,0,0000,00,0,00,0,00,0,00,0,00
46365000,0,1,0,0,0000,00,0,00,0,00,0,00,0,00
46375000,0,1,0,0,0000,00,0,00,0,00,0,00,0,00
46385000,0,1,0,0,0000,00,0,00,0,00,0,00,0,00
46395000,0,1,0,0,0000,00,0,00,0,00,0,00,0,00
46405000,0,1,0,0,0000,00,0,00,0,00,0,00,0,00
46415000,0,1,0,0,0000,00,0,00,0,00,0,00,0,00
46425000,0,1,0,0,0000,00,0,00,0,00,0,00,0,00
46435000,0,1,0,0,0000,00,0,00,0,00,0,00,0,00
46445000,0,1,0,0,0000,00,0,00,0,00,0,00,0,00
46455000,0,1,0,0,0000,00,0,00,0,00,0,00,0,00
46465000,0,1,0,0,0000,00,0,00,0,00,0,00,0,00
46475000,0,1,0,0,0000,00,0,00,0,00,0,00,0,00
46485000,0,1,0,0,0000,00,0,00,0,00,0,00,0,00
46495000,0,1,0,0,0000,00,0,00,0,00,0,00,0,00
46505000,0,1,0,0,0000,00,0,00,0,00,0,00,0,00
46515000,0,1,0,0,0000,00,0,00,0,00,0,00,0,00
46525000,0,1,0,0,0000,00,0,00,0,00,0,00,0,00
46535000,0,1,0,0,0000,00,0,00,0,00,0,00,0,00
46545000,0,1,0,0,0000,00,0,00,0,00,0,00,0,00
46555000,0,1,0,0,0000,00,0,00,0,00,0,00,0,00
46565000,0,1,0,0,0000,00,0,00,0,00,0,00,0,00
46575000,0,1,0,0,0000,00,0,00,0,00,0,00,0,00
46585000,0,1,0,0,0000,00,0,00,0,00,0,00,0,00
46595000,0,1,0,0,0000,00,0,00,0,00,0,00,0,00
46605000,0,1,0,0,0000,00,0,00,0,00,0,00,0,00
46615000,0,1,0,0,0000,00,0,00,0,00,0,00,0,00
46625000,0,1,0,0,0000,00,0,00,0,00,0,00,0,00
46635000,0,1,0,0,0000,00,0,00,0,00,0,00,0,00
46645000,0,1,0,0,0000,00,0,00,0,00,0,00,0,00
46655000,0,1,0,0,0000,00,0,00,0,00,0,00,0,00
46665000,0,1,0,0,0000,00,0,00,0,00,0,00,0,00
46675000,0,1,0,0,0000,00,0,00,0,00,0,00,0,00
46685000,0,1,0,0,0000,00,0,00,0,00,0,00,0,00
46695000,0,1,0,0,0000,00,0,00,0,00,0,00,0,00
46705000,0,1,0,0,0000,00,0,00,0,00,0,00,0,00
46715000,0,1,0,0,0000,00,0,00,0,00,0,00,0,00
46725000,0,1,0,0,0000,00,0,00,0,00,0,00,0,00
46735000,0,1,0,0,0000,00,0,00,0,00,0,00,0,00
46745000,0,1,0,0,0000,00,0,00,0,00,0,00,0,00
46755000,0,1,0,0,0000,00,0,00,0,00,0,00,0,00
46765000,0,1,0,0,0000,00,0,00,0,00,0,00,0,00
46775000,0,1,0,0,0000,00,0,00,0,00,0,00,0,00
46785000,0,1,0,0,0000,00,0,00,0,00,0,00,0,00
46795000,0,1,0,0,0000,00,0,00,0,00,0,00,0,00
46805000,0,1,0,0,0000,00,0,00,0,00,0,00,0,00
46815000,0,1,0,0,0000,00,0,00,0,00,0,00,0,00
46825000,0,1,0,0,0000,00,0,00,0,00,0,00,0,00
46835000,0,1,0,0,0000,00,0,00,0,00,0,00,0,00
46845000,0,1,0,0,0000,00,0,00,0,00,0,00,0,00
46855000,0,1,0,0,0000,00,0,00,0,00,0,00,0,00
46865000,0,1,0,0,0000,00,0,00,0,00,0,00,0,00
46875000,0,1,0,0,0000,00,0,00,0,00,0,00,0,00
46885000,0,1,0,0,0000,00,0,00,0,00,0,00,0,00
46895000,0,1,0,0,0000,00,0,00,0,00,0,00,0,00
46905000,0,1,0,0,0000,00,0,00,0,00,0,00,0,00
46915000,0,1,0,0,0000,00,0,00,0,00,0,00,0,00
46925000,0,1,0,0,0000,00,0,00,0,00,0,00,0,00
46935000,0,1,0,0,0000,00,0,00,0,00,0,00,0,00
46945000,0,1,0,0,0000,00,0,00,0,00,0,00,0,00
46955000,0,1,0,0,0000,00,0,00,0,00,0,00,0,00
46965000,0,1,0,0,0000,00,0,00,0,00,0,00,0,00
46975000,0,1,0,0,0000,00,0,00,0,00,0,00,0,00
46985000,0,1,0,0,0000,00,0,00,0,00,0,00,0,00
46995000,0,1,0,0,0000,00,0,00,0,00,0,00,0,00
47005000,0,1,0,0,0000,00,0,00,0,00,0,00,0,00
47015000,0,1,0,0,0000,00,0,00,0,00,0,00,0,00
47025000,0,1,0,0,0000,00,0,00,0,00,0,00,0,00
47035000,0,1,0,0,0000,00,0,00,0,00,0,00,0,00
47045000,0,1,0,0,0000,00,0,00,0,00,0,00,0,00
47055000,0,1,0,0,0000,00,0,00,0,00,0,00,0,00
47065000,0,1,0,0,0000,00,0,00,0,00,0,00,0,00
47075000,0,1,0,0,0000,00,0,00,0,00,0,00,0,00
47085000,0,1,0,0,0000,00,0,00,0,00,0,00,0,00
47095000,0,1,0,0,0000,00,0,00,0,00,0,00,0,00
47105000,0,1,0,0,0000,00,0,00,0,00,0,00,0,00
47115000,0,1,0,0,0000,00,0,00,0,00,0,00,0,00
47125000,0,1,0,0,0000,00,0,00,0,00,0,00,0,00
47135000,0,1,0,0,0000,00,0,00,0,00,0,00,0,00
47145000,0,1,0,0,0000,00,0,00,0,00,0,00,0,00
47155000,0,1,0,0,0000,00,0,00,0,00,0,00,0,00
47165000,0,1,0,0,0000,00,0,00,0,00,0,00,0,00
47175000,0,1,0,0,0000,00,0,00,0,00,0,00,0,00
47185000,0,1,0,0,0000,00,0,00,0,00,0,00,0,00
47195000,0,1,0,0,0000,00,0,00,0,00,0,00,0,00
47205000,0,1,0,0,0000,00,0,00,0,00,0,00,0,00
47215000,0,1,0,0,0000,00,0,00,0,00,0,00,0,00
47225000,0,1,0,0,0000,00,0,00,0,00,0,00,0,00
47235000,0,1,0,0,0000,00,0,00,0,00,0,00,0,00
47245000,0,1,0,0,0000,00,0,00,0,00,0,00,0,00
47255000,0,1,0,0,0000,00,0,00,0,00,0,00,0,00
47265000,0,1,0,0,0000,00,0,00,0,00,0,00,0,00
47275000,0,1,0,0,0000,00,0,00,0,00,0,00,0,00
47285000,0,1,0,0,0000,00,0,00,0,00,0,00,0,00
47295000,0,1,0,0,0000,00,0,00,0,00,0,00,0,00
47305000,0,1,0,0,0000,00,0,00,0,00,0,00,0,00
47315000,0,1,0,0,0000,00,0,00,0,00,0,00,0,00
47325000,0,1,0,0,0000,00,0,00,0,00,0,00,0,00
47335000,0,1,0,0,0000,00,0,00,0,00,0,00,0,00
47345000,0,1,0,0,0000,00,0,00,0,00,0,00,0,00
47355000,0,1,0,0,0000,00,0,00,0,00,0,00,0,00
47365000,0,1,0,0,0000,00,0,00,0,00,0,00,0,00
47375000,0,1,0,0,0000,00,0,00,0,00,0,00,0,00
47385000,0,1,0,0,0000,00,0,00,0,00,0,00,0,00
47395000,0,1,0,0,0000,00,0,00,0,00,0,00,0,00
47405000,0,1,0,0,0000,00,0,00,0,00,0,00,0,00
47415000,0,1,0,0,0000,00,0,00,0,00,0,00,0,00
47425000,0,1,0,0,0000,00,0,00,0,00,0,00,0,00
47435000,0,1,0,0,0000,00,0,00,0,00,0,00,0,00
47445000,0,1,0,0,0000,00,0,00,0,00,0,00,0,00
47455000,0,1,0,0,0000,00,0,00,0,00,0,00,0,00
47465000,0,1,0,0,0000,00,0,00,0,00,0,00,0,00
47475000,0,1,0,0,0000,00,0,00,0,00,0,00,0,00
47485000,0,1,0,0,0000,00,0,00,0,00,0,00,0,00
47495000,0,1,0,0,0000,00,0,00,0,00,0,00,0,00
47505000,0,1,0,0,0000,00,0,00,0,00,0,00,0,00
47515000,0,1,0,0,0000,00,0,00,0,00,0,00,0,00
47525000,0,1,0,0,0000,00,0,00,0,00,0,00,0,00
47535000,0,1,0,0,0000,00,0,00,0,00,0,00,0,00
47545000,0,1,0,0,0000,00,0,00,0,00,0,00,0,00
47555000,0,1,0,0,0000,00,0,00,0,00,0,00,0,00
47565000,0,1,0,0,0000,00,0,00,0,00,0,00,0,00
47575000,0,1,0,0,0000,00,0,00,0,00,0,00,0,00
47585000,0,1,0,0,0000,00,0,00,0,00,0,00,0,00
47595000,0,1,0,0,0000,00,0,00,0,00,0,00,0,00
47605000,0,1,0,0,0000,00,0,00,0,00,0,00,0,00
47615000,0,1,0,0,0000,00,0,00,0,00,0,00,0,00
47625000,0,1,0,0,0000,00,0,00,0,00,0,00,0,00
47635000,0,1,0,0,0000,00,0,00,0,00,0,00,0,00
47645000,0,1,0,0,0000,00,0,00,0,00,0,00,0,00
47655000,0,1,0,0,0000,00,0,00,0,00,0,00,0,00
47665000,0,1,0,0,0000,00,0,00,0,00,0,00,0,00
47675000,0,1,0,0,0000,00,0,00,0,00,0,00,0,00
47685000,0,1,0,0,0000,00,0,00,0,00,0,00,0,00
47695000,0,1,0,0,0000,00,0,00,0,00,0,00,0,00
47705000,0,1,0,0,0000,00,0,00,0,00,0,00,0,00
47715000,0,1,0,0,0000,00,0,00,0,00,0,00,0,00
47725000,0,1,0,0,0000,00,0,00,0,00,0,00,0,00
47735000,0,1,0,0,0000,00,0,00,0,00,0,00,0,00
47745000,0,1,0,0,0000,00,0,00,0,00,0,00,0,00
47755000,0,1,0,0,0000,00,0,00,0,00,0,00,0,00
47765000,0,1,0,0,0000,00,0,00,0,00,0,00,0,00
47775000,0,1,0,0,0000,00,0,00,0,00,0,00,0,00
47785000,0,1,0,0,0000,00,0,00,0,00,0,00,0,00
47795000,0,1,0,0,0000,00,0,00,0,00,0,00,0,00
47805000,0,1,0,0,0000,00,0,00,0,00,0,00,0,00
47815000,0,1,0,0,0000,00,0,00,0,00,0,00,0,00
47825000,0,1,0,0,0000,00,0,00,0,00,0,00,0,00
47835000,0,1,0,0,0000,00,0,00,0,00,0,00,0,00
47845000,0,1,0,0,0000,00,0,00,0,00,0,00,0,00
47855000,0,1,0,0,0000,00,0,00,0,00,0,00,0,00
47865000,0,1,0,0,0000,00,0,00,0,00,0,00,0,00
47875000,0,1,0,0,0000,00,0,00,0,00,0,00,0,00
47885000,0,1,0,0,0000,00,0,00,0,00,0,00,0,00
47895000,0,1,0,0,0000,00,0,00,0,00,0,00,0,00
47905000,0,1,0,0,0000,00,0,00,0,00,0,00,0,00
47915000,0,1,0,0,0000,00,0,00,0,00,0,00,0,00
47925000,0,1,0,0,0000,00,0,00,0,00,0,00,0,00
47935000,0,1,0,0,0000,00,0,00,0,00,0,00,0,00
47945000,0,1,0,0,0000,00,0,00,0,00,0,00,0,00
47955000,0,1,0,0,0000,00,0,00,0,00,0,00,0,00
47965000,0,1,0,0,0000,00,0,00,0,00,0,00,0,00
47975000,0,1,0,0,0000,00,0,00,0,00,0,00,0,00
47985000,0,1,0,0,0000,00,0,00,0,00,0,00,0,00
47995000,0,1,0,0,0000,00,0,00,0,00,0,00,0,00
48005000,0,1,0,0,0000,00,0,00,0,00,0,00,0,00
48015000,0,1,0,0,0000,00,0,00,0,00,0,00,0,00
48025000,0,1,0,0,0000,00,0,00,0,00,0,00,0,00
48035000,0,1,0,0,0000,00,0,00,0,00,0,00,0,00
48045000,0,1,0,0,0000,00,0,00,0,00,0,00,0,00
48055000,0,1,0,0,0000,00,0,00,0,00,0,00,0,00
48065000,0,1,0,0,0000,00,0,00,0,00,0,00,0,00
48075000,0,1,0,0,0000,00,0,00,0,00,0,00,0,00
48085000,0,1,0,0,0000,00,0,00,0,00,0,00,0,00
48095000,0,1,0,0,0000,00,0,00,0,00,0,00,0,00
48105000,0,1,0,0,0000,00,0,00,0,00,0,00,0,00
48115000,0,1,0,0,0000,00,0,00,0,00,0,00,0,00
48125000,0,1,0,0,0000,00,0,00,0,00,0,00,0,00
48135000,0,1,0,0,0000,00,0,00,0,00,0,00,0,00
48145000,0,1,0,0,0000,00,0,00,0,00,0,00,0,00
48155000,0,1,0,0,0000,00,0,00,0,00,0,00,0,00
48165000,0,1,0,0,0000,00,0,00,0,00,0,00,0,00
48175000,0,1,0,0,0000,00,0,00,0,00,0,00,0,00
48185000,0,1,0,0,0000,00,0,00,0,00,0,00,0,00
48195000,0,1,0,0,0000,00,0,00,0,00,0,00,0,00
48205000,0,1,0,0,0000,00,0,00,0,00,0,00,0,00
48215000,0,1,0,0,0000,00,0,00,0,00,0,00,0,00
48225000,0,1,0,0,0000,00,0,00,0,00,0,00,0,00
48235000,0,1,0,0,0000,00,0,00,0,00,0,00,0,00
48245000,0,1,0,0,0000,00,0,00,0,00,0,00,0,00
48255000,0,1,0,0,0000,00,0,00,0,00,0,00,0,00
48265000,0,1,0,0,0000,00,0,00,0,00,0,00,0,00
48275000,0,1,0,0,0000,00,0,00,0,00,0,00,0,00
48285000,0,1,0,0,0000,00,0,00,0,00,0,00,0,00
48295000,0,1,0,0,0000,00,0,00,0,00,0,00,0,00
48305000,0,1,0,0,0000,00,0,00,0,00,0,00,0,00
48315000,0,1,0,0,0000,00,0,00,0,00,0,00,0,00
48325000,0,1,0,0,0000,00,0,00,0,00,0,00,0,00
48335000,0,1,0,0,0000,00,0,00,0,00,0,00,0,00
48345000,0,1,0,0,0000,00,0,00,0,00,0,00,0,00
48355000,0,1,0,0,0000,00,0,00,0,00,0,00,0,00
48365000,0,1,0,0,0000,00,0,00,0,00,0,00,0,00
48375000,0,1,0,0,0000,00,0,00,0,00,0,00,0,00
48385000,0,1,0,0,0000,00,0,00,0,00,0,00,0,00
48395000,0,1,0,0,0000,00,0,00,0,00,0,00,0,00
48405000,0,1,0,0,0000,00,0,00,0,00,0,00,0,00
48415000,0,1,0,0,0000,00,0,00,0,00,0,00,0,00
48425000,0,1,0,0,0000,00,0,00,0,00,0,00,0,00
48435000,0,1,0,0,0000,00,0,00,0,00,0,00,0,00
48445000,0,1,0,0,0000,00,0,00,0,00,0,00,0,00
48455000,0,1,0,0,0000,00,0,00,0,00,0,00,0,00
48465000,0,1,0,0,0000,00,0,00,0,00,0,00,0,00
48475000,0,1,0,0,0000,00,0,00,0,00,0,00,0,00
48485000,0,1,0,0,0000,00,0,00,0,00,0,00,0,00
48495000,0,1,0,0,0000,00,0,00,0,00,0,00,0,00
48505000,0,1,0,0,0000,00,0,00,0,00,0,00,0,00
48515000,0,1,0,0,0000,00,0,00,0,00,0,00,0,00
48525000,0,1,0,0,0000,00,0,00,0,00,0,00,0,00
48535000,0,1,0,0,0000,00,0,00,0,00,0,00,0,00
48545000,0,1,0,0,0000,00,0,00,0,00,0,00,0,00
48555000,0,1,0,0,0000,00,0,00,0,00,0,00,0,00
48565000,0,1,0,0,0000,00,0,00,0,00,0,00,0,00
48575000,0,1,0,0,0000,00,0,00,0,00,0,00,0,00
48585000,0,1,0,0,0000,00,0,00,0,00,0,00,0,00
48595000,0,1,0,0,0000,00,0,00,0,00,0,00,0,00
48605000,0,1,0,0,0000,00,0,00,0,00,0,00,0,00
48615000,0,1,0,0,0000,00,0,00,0,00,0,00,0,00
48625000,0,1,0,0,0000,00,0,00,0,00,0,00,0,00
48635000,0,1,0,0,0000,00,0,00,0,00,0,00,0,00
48645000,0,1,0,0,0000,00,0,00,0,00,0,00,0,00
48655000,0,1,0,0,0000,00,0,00,0,00,0,00,0,00
48665000,0,1,0,0,0000,00,0,00,0,00,0,00,0,00
48675000,0,1,0,0,0000,00,0,00,0,00,0,00,0,00
48685000,0,1,0,0,0000,00,0,00,0,00,0,00,0,00
48695000,0,1,0,0,0000,00,0,00,0,00,0,00,0,00
48705000,0,1,0,0,0000,00,0,00,0,00,0,00,0,00
48715000,0,1,0,0,0000,00,0,00,0,00,0,00,0,00
48725000,0,1,0,0,0000,00,0,00,0,00,0,00,0,00
48735000,0,1,0,0,0000,00,0,00,0,00,0,00,0,00
48745000,0,1,0,0,0000,00,0,00,0,00,0,00,0,00
48755000,0,1,0,0,0000,00,0,00,0,00,0,00,0,00
48765000,0,1,0,0,0000,00,0,00,0,00,0,00,0,00
48775000,0,1,0,0,0000,00,0,00,0,00,0,00,0,00
48785000,0,1,0,0,0000,00,0,00,0,00,0,00,0,00
48795000,0,1,0,0,0000,00,0,00,0,00,0,00,0,00
48805000,0,1,0,0,0000,00,0,00,0,00,0,00,0,00
48815000,0,1,0,0,0000,00,0,00,0,00,0,00,0,00
48825000,0,1,0,0,0000,00,0,00,0,00,0,00,0,00
48835000,0,1,0,0,0000,00,0,00,0,00,0,00,0,00
48845000,0,1,0,0,0000,00,0,00,0,00,0,00,0,00
48855000,0,1,0,0,0000,00,0,00,0,00,0,00,0,00
48865000,0,1,0,0,0000,00,0,00,0,00,0,00,0,00
48875000,0,1,0,0,0000,00,0,00,0,00,0,00,0,00
48885000,0,1,0,0,0000,00,0,00,0,00,0,00,0,00
48895000,0,1,0,0,0000,00,0,00,0,00,0,00,0,00
48905000,0,1,0,0,0000,00,0,00,0,00,0,00,0,00
48915000,0,1,0,0,0000,00,0,00,0,00,0,00,0,00
48925000,0,1,0,0,0000,00,0,00,0,00,0,00,0,00
48935000,0,1,0,0,0000,00,0,00,0,00,0,00,0,00
48945000,0,1,0,0,0000,00,0,00,0,00,0,00,0,00
48955000,0,1,0,0,0000,00,0,00,0,00,0,00,0,00
48965000,0,1,0,0,0000,00,0,00,0,00,0,00,0,00
48975000,0,1,0,0,0000,00,0,00,0,00,0,00,0,00
48985000,0,1,0,0,0000,00,0,00,0,00,0,00,0,00
48995000,0,1,0,0,0000,00,0,00,0,00,0,00,0,00
49005000,0,1,0,0,0000,00,0,00,0,00,0,00,0,00
49015000,0,1,0,0,0000,00,0,00,0,00,0,00,0,00
49025000,0,1,0,0,0000,00,0,00,0,00,0,00,0,00
49035000,0,1,0,0,0000,00,0,00,0,00,0,00,0,00
49045000,0,1,0,0,0000,00,0,00,0,00,0,00,0,00
49055000,1,1,0,0,0000,00,0,00,0,00,0,00,0,00
49065000,1,1,0,0,0000,00,0,00,0,00,0,00,0,00
51545000,1,1,1,1,0000,00,0,00,0,00,0,00,0,00
51555000,1,1,1,1,0007,02,0,00,0,00,0,00,0,00
51565000,1,1,1,1,0007,01,0,00,0,00,0,00,0,00
51575000,1,1,1,1,0007,00,0,00,0,00,0,00,0,00
51585000,1,1,1,1,0707,02,0,00,0,00,0,00,0,00
51595000,1,1,1,1,0707,01,0,00,0,00,0,00,0,00
51605000,1,1,1,1,0000,00,0,00,0,00,0,00,0,00
51615000,1,1,1,1,0000,02,0,00,0,00,0,00,0,00
51625000,1,1,1,1,0000,01,0,00,0,00,0,00,0,00
51635000,1,1,1,1,0007,00,0,00,0,00,0,00,0,00
51645000,1,1,1,1,0000,02,0,00,0,00,0,00,0,00
51655000,1,1,1,1,0000,01,0,00,0,00,0,00,0,00
51665000,1,1,1,1,0007,00,0,00,0,00,0,00,0,00
51675000,1,1,1,1,0007,02,0,00,0,00,0,00,0,00
51685000,1,1,1,1,0007,01,0,00,0,00,0,00,0,00
51695000,1,1,1,1,0000,00,0,00,0,00,0,00,0,00
51705000,1,1,1,1,0700,02,0,00,0,00,0,00,0,00
51715000,1,1,1,1,0700,01,0,00,0,00,0,00,0,00
51725000,1,1,1,1,0707,00,0,00,0,00,0,00,0,00
51735000,1,1,1,1,0707,02,0,00,0,00,0,00,0,00
51745000,1,1,1,1,0707,01,0,00,0,00,0,00,0,00
51755000,1,1,1,1,0000,00,0,00,0,00,0,00,0,00
51765000,1,1,1,1,0000,02,0,00,0,00,0,00,0,00
51775000,1,1,1,1,0000,01,0,00,0,00,0,00,0,00
51785000,1,1,1,1,0007,00,0,00,0,00,0,00,0,00
51795000,1,1,1,1,0700,02,0,00,0,00,0,00,0,00
51805000,1,1,1,1,0700,01,0,00,0,00,0,00,0,00
51815000,1,1,1,1,0707,00,0,00,0,00,0,00,0,00
51825000,1,1,1,1,0700,02,0,00,0,00,0,00,0,00
51835000,1,1,1,1,0700,01,0,00,0,00,0,00,0,00
51845000,1,1,1,1,0007,00,0,00,0,00,0,00,0,00
51855000,1,1,1,1,0707,02,0,00,0,00,0,00,0,00
51865000,1,1,1,1,0707,01,0,00,0,00,0,00,0,00
51875000,1,1,1,1,0700,00,0,00,0,00,0,00,0,00
51885000,1,1,1,1,0700,02,0,00,0,00,0,00,0,00
51895000,1,1,1,1,0700,01,0,00,0,00,0,00,0,00
51905000,1,1,1,1,0007,00,0,00,0,00,0,00,0,00
51915000,1,1,1,1,0700,02,0,00,0,00,0,00,0,00
51925000,1,1,1,1,0700,01,0,00,0,00,0,00,0,00
51935000,1,1,1,1,0007,00,0,00,0,00,0,00,0,00
51945000,1,1,1,1,0007,02,0,00,0,00,0,00,0,00
51955000,1,1,1,1,0007,01,0,00,0,00,0,00,0,00
51965000,1,1,1,1,0000,00,0,00,0,00,0,00,0,00
51975000,1,1,1,1,0700,02,0,00,0,00,0,00,0,00
51985000,1,1,1,1,0700,01,0,00,0,00,0,00,0,00
51995000,1,1,1,1,0707,00,0,00,0,00,0,00,0,00
52005000,1,1,1,1,0700,02,0,00,0,00,0,00,0,00
52015000,1,1,1,1,0700,01,0,00,0,00,0,00,0,00
52025000,1,1,1,1,0700,00,0,00,0,00,0,00,0,00
52035000,1,1,1,1,0000,02,0,00,0,00,0,00,0,00
52045000,1,1,1,1,0000,01,0,00,0,00,0,00,0,00
52055000,1,1,1,1,0007,00,0,00,0,01,0,00,0,00
52065000,1,1,1,1,0007,02,0,00,0,00,0,00,0,00
52075000,1,1,1,1,0007,01,0,00,0,00,0,00,0,00
52085000,1,1,1,1,0707,00,0,00,0,00,0,00,0,00
52095000,1,1,1,1,0707,02,0,00,0,01,0,00,0,00
52105000,1,1,1,1,0707,01,0,00,0,00,0,00,0,00
52115000,1,1,1,1,0007,00,0,00,0,01,0,00,0,00
52125000,1,1,1,1,0707,02,0,00,0,01,0,00,0,00
52135000,1,1,1,1,0707,01,0,00,0,01,0,00,0,00
52145000,1,1,1,1,0707,00,0,00,0,00,0,00,0,00
52155000,1,1,1,1,0007,02,0,00,0,00,0,00,0,00
52165000,1,1,1,1,0007,01,0,00,0,00,0,00,0,00
52175000,1,1,1,1,0007,00,0,00,0,00,0,00,0,00
52185000,1,1,1,1,0000,02,0,00,0,00,0,00,0,00
52195000,1,1,1,1,0000,01,0,00,0,00,0,00,0,00
52205000,1,1,1,1,0707,00,0,00,0,00,0,00,0,00
52215000,1,1,1,1,0000,02,0,00,0,00,0,00,0,00
52225000,1,1,1,1,0000,01,0,00,0,00,0,00,0,00
52235000,1,1,1,1,0000,00,0,00,0,00,0,00,0,00
52245000,1,1,1,1,0007,02,0,00,0,00,0,00,0,00
52255000,1,1,1,1,0007,01,0,00,0,00,0,00,0,00
52265000,1,1,1,1,0007,00,0,00,0,00,0,00,0,00
52275000,1,1,1,1,0000,02,0,00,0,00,0,00,0,00
52285000,1,1,1,1,0000,01,0,00,0,00,0,00,0,00
52295000,1,1,1,1,0707,00,0,00,0,00,0,00,0,00
52305000,1,1,1,1,0707,02,0,00,0,00,0,00,0,00
52315000,1,1,1,1,0707,01,0,00,0,00,0,00,0,00
52325000,1,1,1,1,0707,00,0,00,0,00,0,00,0,00
52335000,1,1,1,1,0000,02,0,00,0,00,0,00,0,00
52345000,1,1,1,1,0000,01,0,00,0,00,0,00,0,00
52355000,1,1,1,1,0000,00,0,00,0,00,0,00,0,00
52365000,1,1,1,1,0000,02,0,00,0,00,0,00,0,00
52375000,1,1,1,1,0000,01,0,00,0,00,0,00,0,00
52385000,1,1,1,1,0707,00,1,00,0,00,0,00,1,00
52395000,1,1,1,1,0000,02,1,01,0,00,0,00,1,01
52405000,1,1,1,1,0000,01,1,01,0,00,0,00,1,01
52415000,1,1,1,1,0007,00,1,00,0,00,0,00,1,00
52425000,1,1,1,1,0000,02,1,01,0,00,0,00,1,01
52435000,1,1,1,1,0000,01,1,01,0,00,0,00,1,01
52445000,1,1,1,1,0700,00,1,00,0,00,0,00,1,00
52455000,1,1,1,1,0707,02,1,00,0,00,0,00,1,00
52465000,1,1,1,1,0707,01,1,00,0,00,0,00,1,00
52475000,1,1,1,1,0000,00,1,00,0,00,0,00,1,00
52485000,1,1,1,1,0707,02,1,00,0,00,0,00,1,00
52495000,1,1,1,1,0707,01,1,01,0,00,0,00,1,01
52505000,1,1,1,1,0707,00,1,01,0,00,0,00,1,01
52515000,1,1,1,1,0000,02,1,00,0,00,0,00,1,00
52525000,1,1,1,1,0000,01,1,00,0,00,0,00,1,00
52535000,1,1,1,1,0000,00,1,01,0,00,0,00,1,01
52545000,1,1,1,1,0000,02,1,01,0,00,0,00,1,01
52555000,1,1,1,1,0000,01,1,00,0,00,0,00,1,00
52565000,1,1,1,1,0700,00,1,00,0,00,0,00,1,00
52575000,1,1,1,1,0000,02,1,00,0,00,0,00,1,00
52585000,1,1,1,1,0000,01,1,01,0,00,0,00,1,01
52595000,1,1,1,1,0000,00,1,00,0,00,0,00,1,00
52605000,1,1,1,1,0707,02,1,00,0,00,0,00,1,00
52615000,1,1,1,1,0707,01,1,01,0,00,0,00,1,01
52625000,1,1,1,1,0707,00,1,01,0,00,0,00,1,01
52635000,1,1,1,1,0007,02,1,00,0,00,0,00,1,00
52645000,1,1,1,1,0007,01,1,00,0,00,0,00,1,00
52655000,1,1,1,1,0000,00,1,00,0,00,0,00,1,00
52665000,1,1,1,1,0000,02,1,01,0,00,0,00,1,01
52675000,1,1,1,1,0000,01,1,01,0,00,0,00,1,01
52685000,1,1,1,1,0000,00,1,01,0,00,0,00,1,01
52695000,1,1,1,1,0700,02,1,01,0,00,0,00,1,01
52705000,1,1,1,1,0700,01,1,00,0,00,0,00,1,00
52715000,1,1,1,1,0007,00,1,01,0,00,0,00,1,01
52725000,1,1,1,1,0700,02,1,01,0,00,0,00,1,01
52735000,1,1,1,1,0700,01,1,00,0,00,0,00,1,00
52745000,1,1,1,1,0707,00,1,01,0,00,0,00,1,01
52755000,1,1,1,1,0007,02,1,00,0,00,0,00,1,00
52765000,1,1,1,1,0007,01,1,00,0,00,0,00,1,00
52775000,1,1,1,1,0000,00,1,00,0,00,0,00,1,00
52785000,1,1,1,1,0000,02,1,00,0,00,0,00,1,00
52795000,1,1,1,1,0000,01,1,00,0,00,0,00,1,00
52805000,1,1,1,1,0707,00,1,01,0,00,0,00,1,01
52815000,1,1,1,1,0700,02,1,00,0,00,0,00,1,00
52825000,1,1,1,1,0700,01,1,00,0,00,0,00,1,00
52835000,1,1,1,1,0000,00,1,00,0,00,0,00,1,00
52845000,1,1,1,1,0707,02,1,00,0,00,0,00,1,00
52855000,1,1,1,1,0707,01,1,01,0,00,0,00,1,01
52865000,1,1,1,1,0707,00,1,01,0,00,0,00,1,01
52875000,1,1,1,1,0007,02,1,01,0,00,0,00,1,01
52885000,1,1,1,1,0007,01,1,01,0,00,0,00,1,01
52895000,1,1,1,1,0007,00,1,01,0,00,0,00,1,01
52905000,1,1,1,1,0707,02,1,00,0,00,0,00,1,00
52915000,1,1,1,1,0707,01,1,01,0,00,0,00,1,01
52925000,1,1,1,1,0007,00,1,00,0,00,0,00,1,00
52935000,1,1,1,1,0707,02,1,00,0,00,0,00,1,00
52945000,1,1,1,1,0707,01,1,01,0,00,0,00,1,01
52955000,1,1,1,1,0000,00,1,00,0,00,0,00,1,00
52965000,1,1,1,1,0007,02,1,01,0,00,0,00,1,01
52975000,1,1,1,1,0007,01,1,00,0,00,0,00,1,00
52985000,1,1,1,1,0007,00,1,00,0,00,0,00,1,00
52995000,1,1,1,1,0007,02,1,01,0,00,0,00,1,01
53005000,1,1,1,1,0007,01,1,00,0,00,0,00,1,00
53015000,1,1,1,1,0707,00,1,01,0,00,0,00,1,01
53025000,1,1,1,1,0707,02,1,00,0,00,0,00,1,00
53035000,1,1,1,1,0707,01,1,01,0,00,0,00,1,01
53045000,1,1,1,1,0007,00,1,01,0,00,0,00,1,01
53055000,1,1,1,1,0700,02,1,00,0,00,0,00,1,00
53065000,1,1,1,1,0700,01,1,00,0,00,0,00,1,00
53075000,1,1,1,1,0007,00,1,00,0,00,0,00,1,00
53085000,1,1,1,1,0000,02,1,00,0,00,0,00,1,00
53095000,1,1,1,1,0000,01,1,01,0,00,0,00,1,01
53105000,1,1,0,1,0000,00,1,00,0,00,0,00,1,00
55145000,1,1,1,1,0707,00,0,00,0,00,0,00,0,00
55155000,1,1,1,1,0707,02,1,01,0,00,0,00,1,01
55165000,1,1,1,1,0707,01,1,00,0,00,0,00,1,00
55175000,1,1,1,1,0707,00,1,00,0,00,0,00,1,00
55185000,1,1,1,1,0700,02,1,01,0,00,0,00,1,01
55195000,1,1,1,1,0700,01,1,01,0,00,0,00,1,01
55205000,1,1,1,1,0700,00,1,01,0,00,0,00,1,01
55215000,1,1,1,1,0700,02,1,01,0,00,0,00,1,01
55225000,1,1,1,1,0700,01,1,01,0,00,0,00,1,01
55235000,1,1,1,1,0007,00,1,01,0,00,0,00,1,01
55245000,1,1,1,1,0700,02,1,00,0,00,0,00,1,00
55255000,1,1,1,1,0700,01,1,01,0,00,0,00,1,01
55265000,1,1,1,1,0000,00,1,00,0,00,0,00,1,00
55275000,1,1,1,1,0000,02,1,01,0,00,0,00,1,01
55285000,1,1,1,1,0000,01,1,01,0,00,0,00,1,01
55295000,1,1,1,1,0707,00,1,01,0,00,0,00,1,01
55305000,1,1,1,1,0707,02,1,01,0,00,0,00,1,01
55315000,1,1,1,1,0707,01,1,00,0,00,0,00,1,00
55325000,1,1,1,1,0007,00,1,01,0,00,0,00,1,01
55335000,1,1,1,1,0000,02,1,00,0,01,0,00,1,00
55345000,1,1,1,1,0000,01,1,01,0,01,0,00,1,01
55355000,1,1,1,1,0007,00,1,01,0,00,0,00,1,01
55365000,1,1,1,1,0707,02,1,01,0,00,0,00,1,01
55375000,1,1,1,1,0707,01,1,00,0,00,0,00,1,00
55385000,1,1,1,1,0700,00,1,00,0,00,0,00,1,00
55395000,1,1,1,1,0007,02,1,00,0,00,0,00,1,00
55405000,1,1,1,1,0007,01,1,01,0,00,0,00,1,01
55415000,1,1,1,1,0007,00,1,00,0,00,0,00,1,00
55425000,1,1,1,1,0700,02,1,00,0,00,0,00,1,00
55435000,1,1,1,1,0700,01,1,01,0,00,0,00,1,01
55445000,1,1,1,1,0700,00,1,00,0,00,0,00,1,00
55455000,1,1,1,1,0007,02,1,00,0,00,0,00,1,00
55465000,1,1,1,1,0007,01,1,00,1,00,0,00,1,00
55475000,1,1,1,1,0700,00,1,00,1,01,0,00,1,00
55485000,1,1,1,1,0007,02,1,00,1,01,0,00,1,00
55495000,1,1,1,1,0007,01,1,00,1,00,0,00,1,00
55505000,1,1,1,1,0000,00,1,01,1,01,0,00,1,01
55515000,1,1,1,1,0000,02,1,01,1,01,0,00,1,01
55525000,1,1,1,1,0000,01,1,00,1,00,0,00,1,00
55535000,1,1,1,1,0707,00,1,00,1,00,0,00,1,00
55545000,1,1,1,1,0000,02,1,01,1,00,0,00,1,01
55555000,1,1,1,1,0000,01,1,01,1,00,0,00,1,01
55565000,1,1,1,1,0007,00,1,01,1,00,0,00,1,01
55575000,1,1,1,1,0007,02,1,01,1,01,0,00,1,01
55585000,1,1,1,1,0007,01,1,00,1,01,0,00,1,00
55595000,1,1,1,1,0007,00,1,00,1,00,0,00,1,00
55605000,1,1,1,1,0007,02,1,01,1,00,0,00,1,01
55615000,1,1,1,1,0007,01,1,01,1,01,0,00,1,01
55625000,1,1,1,1,0707,00,1,00,1,01,0,00,1,00
55635000,1,1,1,1,0700,02,1,00,1,00,0,00,1,00
55645000,1,1,1,1,0700,01,1,01,1,00,0,00,1,01
55655000,1,1,1,1,0007,00,1,01,1,00,0,00,1,01
55665000,1,1,1,1,0700,02,1,01,1,01,0,00,1,01
55675000,1,1,1,1,0700,01,1,00,1,00,0,00,1,00
55685000,1,1,1,1,0000,00,1,01,1,00,0,00,1,01
55695000,1,1,1,1,0700,02,1,00,1,01,0,00,1,00
55705000,1,1,1,1,0700,01,1,01,1,01,0,00,1,01
55715000,1,1,1,1,0000,00,1,01,1,00,0,00,1,01
55725000,1,1,1,1,0000,02,1,01,1,00,0,00,1,01
55735000,1,1,1,1,0000,01,1,00,1,00,0,00,1,00
55745000,1,1,1,1,0700,00,1,00,1,01,0,00,1,00
55755000,1,1,1,1,0700,02,1,01,1,01,0,00,1,01
55765000,1,1,1,1,0700,01,1,00,1,01,0,00,1,00
55775000,1,1,1,1,0700,00,1,00,1,01,0,00,1,00
55785000,1,1,1,1,0007,02,1,01,1,00,0,00,1,01
55795000,1,1,1,1,0007,01,1,00,1,01,0,00,1,00
55805000,1,1,1,1,0007,00,1,01,1,01,0,00,1,01
55815000,1,1,1,1,0000,02,1,01,1,00,0,00,1,01
55825000,1,1,1,1,0000,01,1,01,1,01,0,00,1,01
55835000,1,1,1,1,0007,00,1,01,1,00,0,00,1,01
55845000,1,1,1,1,0707,02,1,00,1,00,0,00,1,00
55855000,1,1,1,1,0707,01,1,00,1,00,0,00,1,00
55865000,1,1,1,1,0007,00,1,00,1,00,0,00,1,00
55875000,1,1,1,1,0007,02,1,01,1,00,0,00,1,01
55885000,1,1,1,1,0007,01,1,00,1,01,0,00,1,00
55895000,1,1,1,1,0700,00,1,01,1,00,0,00,1,01
55905000,1,1,1,1,0007,02,1,00,1,00,0,00,1,00
55915000,1,1,1,1,0007,01,1,00,1,00,0,00,1,00
55925000,1,1,1,1,0700,00,1,01,1,00,0,00,1,01
55935000,1,1,1,1,0000,02,1,01,1,01,0,00,1,01
55945000,1,1,1,1,0000,01,1,01,1,01,0,00,1,01
55955000,1,1,1,1,0000,00,1,00,1,01,0,00,1,00
55965000,1,1,1,1,0000,02,1,00,1,01,0,00,1,00
55975000,1,1,1,1,0000,01,1,01,1,01,0,00,1,01
55985000,1,1,1,1,0700,00,1,01,1,00,0,00,1,01
55995000,1,1,1,1,0007,02,1,00,1,01,0,00,1,00
56005000,1,1,1,1,0007,01,1,00,1,00,0,00,1,00
56015000,1,1,1,1,0700,00,1,00,1,00,0,00,1,00
56025000,1,1,1,1,0000,02,1,01,1,01,0,00,1,01
56035000,1,1,1,1,0000,01,1,01,1,00,0,00,1,01
56045000,1,1,1,1,0007,00,1,00,1,01,0,00,1,00
56055000,1,1,1,1,0707,02,1,00,1,00,0,00,1,00
56065000,1,1,1,1,0707,01,1,00,1,00,0,00,1,00
56075000,1,1,1,1,0000,00,1,00,1,01,0,00,1,00
56085000,1,1,1,1,0707,02,1,00,1,00,0,00,1,00
56095000,1,1,1,1,0707,01,1,00,1,01,0,00,1,00
56105000,1,1,1,1,0000,00,1,00,1,00,0,00,1,00
56115000,1,1,1,1,0007,02,1,00,1,01,0,00,1,00
56125000,1,1,1,1,0007,01,1,00,1,01,0,00,1,00
56135000,1,1,1,1,0000,00,1,01,1,00,0,00,1,01
56145000,1,1,1,1,0700,02,1,01,1,00,0,00,1,01
56155000,1,1,1,1,0700,01,1,01,1,00,0,00,1,01
56165000,1,1,1,1,0007,00,1,01,1,00,0,00,1,01
56175000,1,1,1,1,0700,02,1,00,1,01,0,00,1,00
56185000,1,1,1,1,0700,01,1,00,1,00,0,00,1,00
56195000,1,1,1,1,0707,00,1,00,1,01,0,00,1,00
56205000,1,1,1,1,0007,02,1,01,1,00,0,00,1,01
56215000,1,1,1,1,0007,01,1,01,1,00,0,00,1,01
56225000,1,1,1,1,0007,00,1,00,1,01,0,00,1,00
56235000,1,1,1,1,0000,02,1,01,1,01,0,00,1,01
56245000,1,1,1,1,0000,01,1,00,1,01,0,00,1,00
56255000,1,1,1,1,0707,00,1,01,1,01,0,00,1,01
56265000,1,1,1,1,0007,02,1,01,1,01,0,00,1,01
56275000,1,1,1,1,0007,01,1,00,1,01,0,00,1,00
56285000,1,1,1,1,0007,00,1,01,1,00,0,00,1,01
56295000,1,1,1,1,0700,02,1,01,1,01,0,00,1,01
56305000,1,1,1,1,0700,01,1,00,1,00,0,00,1,00
56315000,1,1,1,1,0000,00,1,00,1,01,0,00,1,00
56325000,1,1,1,1,0700,02,1,01,1,01,0,00,1,01
56335000,1,1,1,1,0700,01,1,01,1,01,0,00,1,01
56345000,1,1,1,1,0707,00,1,01,1,01,0,00,1,01
56355000,1,1,1,1,0000,02,1,01,1,00,0,00,1,01
56365000,1,1,1,1,0000,01,1,01,1,01,0,00,1,01
56375000,1,1,1,1,0000,00,1,00,1,00,0,00,1,00
56385000,1,1,1,1,0700,02,1,00,1,01,0,00,1,00
56395000,1,1,1,1,0700,01,1,00,1,01,0,00,1,00
56405000,1,1,1,1,0000,00,1,01,1,01,0,00,1,01
56415000,1,1,1,1,0000,02,1,01,1,00,0,00,1,01
56425000,1,1,1,1,0000,01,1,01,1,00,0,00,1,01
56435000,1,1,1,1,0700,00,1,01,1,00,0,00,1,01
56445000,1,1,1,1,0700,02,1,01,1,01,0,00,1,01
56455000,1,1,1,1,0700,01,1,01,1,00,0,00,1,01
56465000,1,1,1,1,0007,00,1,01,1,00,0,00,1,01
56475000,1,1,1,1,0707,02,1,00,1,01,0,00,1,00
56485000,1,1,1,1,0707,01,1,00,1,00,0,00,1,00
56495000,1,1,1,1,0700,00,1,00,1,00,0,00,1,00
56505000,1,1,1,1,0707,02,1,00,1,00,0,00,1,00
56515000,1,1,1,1,0707,01,1,00,1,00,0,00,1,00
56525000,1,1,1,1,0007,00,1,01,1,00,0,00,1,01
56535000,1,1,1,1,0707,02,1,00,1,00,0,00,1,00
56545000,1,1,1,1,0707,01,1,00,1,01,0,00,1,00
56555000,1,1,1,1,0700,00,1,01,1,01,0,00,1,01
56565000,1,1,1,1,0707,02,1,00,1,00,0,00,1,00
56575000,1,1,1,1,0707,01,1,01,1,00,0,00,1,01
56585000,1,1,1,1,0707,00,1,00,1,01,0,00,1,00
56595000,1,1,1,1,0000,02,1,01,1,01,0,00,1,01
56605000,1,1,1,1,0000,01,1,01,1,01,0,00,1,01
56615000,1,1,1,1,0700,00,1,00,1,01,0,00,1,00
56625000,1,1,1,1,0700,02,1,00,1,00,0,00,1,00
56635000,1,1,1,1,0700,01,1,00,1,00,0,00,1,00
56645000,1,1,1,1,0707,00,1,00,1,01,0,00,1,00
56655000,1,1,1,1,0700,02,1,00,1,01,0,00,1,00
56665000,1,1,1,1,0700,01,1,01,1,00,0,00,1,01
56675000,1,1,1,1,0007,00,1,01,1,00,0,00,1,01
56685000,1,1,1,1,0000,02,1,00,1,01,0,00,1,00
56695000,1,1,1,1,0000,01,1,01,1,01,0,00,1,01
56705000,1,1,0,1,0700,00,1,00,0,01,0,00,1,00
58745000,1,1,1,1,0007,00,0,00,1,01,0,00,0,00
58755000,1,1,1,1,0000,02,1,01,1,00,0,00,1,01
58765000,1,1,1,1,0000,01,1,01,1,01,0,00,1,01
58775000,1,1,1,1,0000,00,1,00,1,00,0,00,1,00
58785000,1,1,1,1,0000,02,1,00,1,01,0,00,1,00
58795000,1,1,1,1,0000,01,1,00,1,01,0,00,1,00
58805000,1,1,1,1,0000,00,1,01,1,01,0,00,1,01
58815000,1,1,1,1,0007,02,1,00,1,00,0,00,1,00
58825000,1,1,1,1,0007,01,1,00,1,00,0,00,1,00
58835000,1,1,1,1,0707,00,1,01,1,01,0,00,1,01
58845000,1,1,1,1,0707,02,1,00,1,00,0,00,1,00
58855000,1,1,1,1,0707,01,1,01,1,00,0,00,1,01
58865000,1,1,1,1,0007,00,1,00,1,01,0,00,1,00
58875000,1,1,1,1,0007,02,1,00,1,00,0,00,1,00
58885000,1,1,1,1,0007,01,1,01,1,01,0,00,1,01
58895000,1,1,1,1,0000,00,1,01,1,01,0,00,1,01
58905000,1,1,1,1,0007,02,1,00,1,01,0,00,1,00
58915000,1,1,1,1,0007,01,1,01,1,01,0,00,1,01
58925000,1,1,1,1,0707,00,1,00,1,00,0,00,1,00
58935000,1,1,1,1,0700,02,1,01,1,00,0,00,1,01
58945000,1,1,1,1,0700,01,1,00,1,00,0,00,1,00
58955000,1,1,1,1,0707,00,1,00,1,01,0,00,1,00
58965000,1,1,1,1,0700,02,1,01,1,00,0,00,1,01
58975000,1,1,1,1,0700,01,1,01,1,01,0,00,1,01
58985000,1,1,1,1,0700,00,1,00,1,00,0,00,1,00
58995000,1,1,1,1,0007,02,1,00,1,00,0,00,1,00
59005000,1,1,1,1,0007,01,1,01,1,01,0,00,1,01
59015000,1,1,1,1,0707,00,1,01,1,01,0,00,1,01
59025000,1,1,1,1,0707,02,1,01,1,01,0,00,1,01
59035000,1,1,1,1,0707,01,1,01,1,00,0,00,1,01
59045000,1,1,1,1,0000,00,1,01,1,00,0,00,1,01
59055000,1,1,1,1,0007,02,1,01,1,01,0,00,1,01
59065000,1,1,1,1,0007,01,1,01,1,01,0,00,1,01
59075000,1,1,1,1,0007,00,1,01,1,00,0,00,1,01
59085000,1,1,1,1,0707,02,1,01,1,00,0,00,1,01
59095000,1,1,1,1,0707,01,1,00,1,00,0,00,1,00
59105000,1,1,1,1,0007,00,1,01,1,01,0,00,1,01
59115000,1,1,1,1,0700,02,1,01,1,01,0,00,1,01
59125000,1,1,1,1,0700,01,1,01,1,00,0,00,1,01
59135000,1,1,1,1,0700,00,1,01,1,00,0,00,1,01
59145000,1,1,1,1,0707,02,1,00,1,00,0,00,1,00
59155000,1,1,1,1,0707,01,1,00,1,00,0,00,1,00
59165000,1,1,1,1,0700,00,1,00,1,00,0,00,1,00
59175000,1,1,1,1,0007,02,1,00,1,00,0,00,1,00
59185000,1,1,1,1,0007,01,1,00,1,00,0,00,1,00
59195000,1,1,1,1,0000,00,1,01,1,00,0,00,1,01
59205000,1,1,1,1,0700,02,1,00,1,00,0,00,1,00
59215000,1,1,1,1,0700,01,1,00,1,01,0,00,1,00
59225000,1,1,1,1,0707,00,1,00,1,01,0,00,1,00
59235000,1,1,1,1,0700,02,1,00,1,01,0,00,1,00
59245000,1,1,1,1,0700,01,1,00,1,01,0,00,1,00
59255000,1,1,1,1,0007,00,1,01,1,00,0,00,1,01
59265000,1,1,1,1,0700,02,1,00,1,00,0,00,1,00
59275000,1,1,1,1,0700,01,1,00,1,00,0,00,1,00
59285000,1,1,1,1,0707,00,1,01,1,01,0,00,1,01
59295000,1,1,1,1,0700,02,1,00,1,01,0,00,1,00
59305000,1,1,1,1,0700,01,1,01,1,00,0,00,1,01
59315000,1,1,1,1,0707,00,1,00,1,01,0,00,1,00
59325000,1,1,1,1,0700,02,1,01,1,00,0,00,1,01
59335000,1,1,1,1,0700,01,1,01,1,01,0,00,1,01
59345000,1,1,1,1,0000,00,1,01,1,01,0,00,1,01
59355000,1,1,1,1,0000,02,1,00,1,00,0,00,1,00
59365000,1,1,1,1,0000,01,1,00,1,01,0,00,1,00
59375000,1,1,1,1,0707,00,1,00,1,01,0,00,1,00
59385000,1,1,1,1,0700,02,1,01,1,00,0,00,1,01
59395000,1,1,1,1,0700,01,1,01,1,00,0,00,1,01
59405000,1,1,1,1,0000,00,1,01,1,01,0,00,1,01
59415000,1,1,1,1,0700,02,1,01,1,01,0,00,1,01
59425000,1,1,1,1,0700,01,1,00,1,01,0,00,1,00
59435000,1,1,1,1,0000,00,1,01,1,01,0,00,1,01
59445000,1,1,1,1,0007,02,1,00,1,01,0,00,1,00
59455000,1,1,1,1,0007,01,1,01,1,00,0,00,1,01
59465000,1,1,1,1,0700,00,1,00,1,00,0,00,1,00
59475000,1,1,1,1,0707,02,1,00,1,00,0,00,1,00
59485000,1,1,1,1,0707,01,1,01,1,01,0,00,1,01
59495000,1,1,1,1,0700,00,1,01,1,01,0,00,1,01
59505000,1,1,1,1,0007,02,1,00,1,01,0,00,1,00
59515000,1,1,1,1,0007,01,1,00,1,01,0,00,1,00
59525000,1,1,1,1,0000,00,1,00,1,01,0,00,1,00
59535000,1,1,1,1,0007,02,1,01,1,01,0,00,1,01
59545000,1,1,1,1,0007,01,1,01,1,01,0,00,1,01
59555000,1,1,1,1,0700,00,1,01,1,00,0,00,1,01
59565000,1,1,1,1,0707,02,1,00,1,00,0,00,1,00
59575000,1,1,1,1,0707,01,1,00,1,00,0,00,1,00
59585000,1,1,1,1,0000,00,1,01,1,00,0,00,1,01
59595000,1,1,1,1,0000,02,1,00,1,00,0,00,1,00
59605000,1,1,1,1,0000,01,1,00,1,01,0,00,1,00
59615000,1,1,1,1,0000,00,1,00,1,00,0,00,1,00
59625000,1,1,1,1,0007,02,1,00,1,00,0,00,1,00
59635000,1,1,1,1,0007,01,1,00,1,01,0,00,1,00
59645000,1,1,1,1,0700,00,1,01,1,00,0,00,1,01
59655000,1,1,1,1,0000,02,1,01,1,01,0,00,1,01
59665000,1,1,1,1,0000,01,1,00,1,00,0,00,1,00
59675000,1,1,1,1,0707,00,1,01,1,01,0,00,1,01
59685000,1,1,1,1,0000,02,1,00,1,01,0,00,1,00
59695000,1,1,1,1,0000,01,1,00,1,00,0,00,1,00
59705000,1,1,1,1,0007,00,1,00,1,00,0,00,1,00
59715000,1,1,1,1,0700,02,1,00,1,00,0,00,1,00
59725000,1,1,1,1,0700,01,1,00,1,00,0,00,1,00
59735000,1,1,1,1,0000,00,1,01,1,00,0,00,1,01
59745000,1,1,1,1,0007,02,1,01,1,01,0,00,1,01
59755000,1,1,1,1,0007,01,1,00,1,01,0,00,1,00
59765000,1,1,1,1,0007,00,1,01,1,00,0,00,1,01
59775000,1,1,1,1,0707,02,1,01,1,01,0,00,1,01
59785000,1,1,1,1,0707,01,1,01,1,00,0,00,1,01
59795000,1,1,1,1,0707,00,1,01,1,01,0,00,1,01
59805000,1,1,1,1,0000,02,1,01,1,01,0,00,1,01
59815000,1,1,1,1,0000,01,1,00,1,00,0,00,1,00
59825000,1,1,1,1,0000,00,1,00,1,00,0,00,1,00
59835000,1,1,1,1,0700,02,1,00,1,00,0,00,1,00
59845000,1,1,1,1,0700,01,1,01,1,01,0,00,1,01
59855000,1,1,1,1,0000,00,1,01,1,00,0,00,1,01
59865000,1,1,1,1,0007,02,1,01,1,00,0,00,1,01
59875000,1,1,1,1,0007,01,1,00,1,01,0,00,1,00
59885000,1,1,1,1,0700,00,1,00,1,00,0,00,1,00
59895000,1,1,1,1,0000,02,1,01,1,01,0,00,1,01
59905000,1,1,1,1,0000,01,1,00,1,00,0,00,1,00
59915000,1,1,1,1,0007,00,1,00,1,00,0,00,1,00
59925000,1,1,1,1,0707,02,1,01,1,01,0,00,1,01
59935000,1,1,1,1,0707,01,1,00,1,01,0,00,1,00
59945000,1,1,1,1,0700,00,1,01,1,00,0,00,1,01
59955000,1,1,1,1,0007,02,1,00,1,01,0,00,1,00
59965000,1,1,1,1,0007,01,1,00,1,00,0,00,1,00
59975000,1,1,1,1,0007,00,1,00,1,01,0,00,1,00
59985000,1,1,1,1,0007,02,1,00,1,00,0,00,1,00
59995000,1,1,1,1,0007,01,1,01,1,00,0,00,1,01
60005000,1,1,1,1,0707,00,1,01,1,01,0,00,1,01
60015000,1,1,1,1,0707,02,1,00,1,01,0,00,1,00
60025000,1,1,1,1,0707,01,1,00,1,00,0,00,1,00
60035000,1,1,1,1,0700,00,1,01,1,00,0,00,1,01
60045000,1,1,1,1,0707,02,1,01,1,01,0,00,1,01
60055000,1,1,1,1,0707,01,1,00,1,01,0,00,1,00
60065000,1,1,1,1,0700,00,1,00,1,01,0,00,1,00
60075000,1,1,1,1,0707,02,1,01,1,01,0,00,1,01
60085000,1,1,1,1,0707,01,1,00,1,01,0,00,1,00
60095000,1,1,1,1,0000,00,1,00,1,01,0,00,1,00
60105000,1,1,1,1,0000,02,1,00,1,01,0,00,1,00
60115000,1,1,1,1,0000,01,1,01,1,01,0,00,1,01
60125000,1,1,1,1,0000,00,1,00,1,01,0,00,1,00
60135000,1,1,1,1,0007,02,1,00,1,00,0,00,1,00
60145000,1,1,1,1,0007,01,1,00,1,01,0,00,1,00
60155000,1,1,1,1,0000,00,1,01,1,01,0,00,1,01
60165000,1,1,1,1,0707,02,1,01,1,01,0,00,1,01
60175000,1,1,1,1,0707,01,1,00,1,01,0,00,1,00
60185000,1,1,1,1,0000,00,1,00,1,00,0,00,1,00
60195000,1,1,1,1,0007,02,1,01,1,00,0,00,1,01
60205000,1,1,1,1,0007,01,1,01,1,00,0,00,1,01
60215000,1,1,1,1,0700,00,1,00,1,00,0,00,1,00
60225000,1,1,1,1,0707,02,1,01,1,00,0,00,1,01
60235000,1,1,1,1,0707,01,1,01,1,01,0,00,1,01
60245000,1,1,1,1,0007,00,1,00,1,00,0,00,1,00
60255000,1,1,1,1,0000,02,1,00,1,00,0,00,1,00
60265000,1,1,1,1,0000,01,1,01,1,00,0,00,1,01
60275000,1,1,1,1,0707,00,1,01,1,00,0,00,1,01
60285000,1,1,1,1,0007,02,1,00,1,00,0,00,1,00
60295000,1,1,1,1,0007,01,1,01,1,01,0,00,1,01
60305000,1,1,0,1,0707,00,1,01,0,00,0,00,1,01
62345000,1,1,1,1,0000,00,0,01,1,00,0,00,0,01
62355000,1,1,1,1,0000,02,1,01,1,00,0,00,1,01
62365000,1,1,1,1,0000,01,1,01,1,01,0,00,1,01
62375000,1,1,1,1,0000,00,1,01,1,00,0,00,1,01
62385000,1,1,1,1,0700,02,1,00,1,01,0,00,1,00
62395000,1,1,1,1,0700,01,1,01,1,00,0,00,1,01
62405000,1,1,1,1,0007,00,1,01,1,01,0,00,1,01
62415000,1,1,1,1,0707,02,1,00,1,01,0,00,1,00
62425000,1,1,1,1,0707,01,1,01,1,01,0,00,1,01
62435000,1,1,1,1,0700,00,1,00,1,00,0,00,1,00
62445000,1,1,1,1,0000,02,1,01,1,00,0,00,1,01
62455000,1,1,1,1,0000,01,1,00,1,00,0,00,1,00
62465000,1,1,1,1,0707,00,1,00,1,01,0,00,1,00
62475000,1,1,1,1,0700,02,1,00,1,01,0,00,1,00
62485000,1,1,1,1,0700,01,1,01,1,01,0,00,1,01
62495000,1,1,1,1,0700,00,1,01,1,01,0,00,1,01
62505000,1,1,1,1,0007,02,1,01,1,00,0,00,1,01
62515000,1,1,1,1,0007,01,1,01,1,01,0,00,1,01
62525000,1,1,1,1,0707,00,1,00,1,00,0,00,1,00
62535000,1,1,1,1,0000,02,1,01,1,01,0,00,1,01
62545000,1,1,1,1,0000,01,1,01,1,00,0,00,1,01
62555000,1,1,1,1,0000,00,1,00,1,00,0,00,1,00
62565000,1,1,1,1,0707,02,1,00,1,01,0,00,1,00
62575000,1,1,1,1,0707,01,1,00,1,01,0,00,1,00
62585000,1,1,1,1,0700,00,1,00,1,00,0,00,1,00
62595000,1,1,1,1,0007,02,1,00,1,00,0,00,1,00
62605000,1,1,1,1,0007,01,1,00,1,00,0,00,1,00
62615000,1,1,1,1,0007,00,1,00,1,01,0,00,1,00
62625000,1,1,1,1,0007,02,1,01,1,01,0,00,1,01
62635000,1,1,1,1,0007,01,1,01,1,01,0,00,1,01
62645000,1,1,1,1,0700,00,1,00,1,00,0,00,1,00
62655000,1,1,1,1,0007,02,1,01,1,00,0,00,1,01
62665000,1,1,1,1,0007,01,1,01,1,01,0,00,1,01
62675000,1,1,1,1,0000,00,1,01,1,00,0,00,1,01
62685000,1,1,1,1,0000,02,1,00,1,00,0,00,1,00
62695000,1,1,1,1,0000,01,1,01,1,00,0,00,1,01
62705000,1,1,1,1,0700,00,1,00,1,00,0,00,1,00
62715000,1,1,1,1,0000,02,1,01,1,00,0,00,1,01
62725000,1,1,1,1,0000,01,1,00,1,01,0,00,1,00
62735000,1,1,1,1,0707,00,1,00,1,01,0,00,1,00
62745000,1,1,1,1,0700,02,1,01,1,00,0,00,1,01
62755000,1,1,1,1,0700,01,1,00,1,01,0,00,1,00
62765000,1,1,1,1,0700,00,1,00,1,00,0,00,1,00
62775000,1,1,1,1,0000,02,1,00,1,00,0,00,1,00
62785000,1,1,1,1,0000,01,1,00,1,00,0,00,1,00
62795000,1,1,1,1,0007,00,1,00,1,00,0,00,1,00
62805000,1,1,1,1,0707,02,1,00,1,00,0,00,1,00
62815000,1,1,1,1,0707,01,1,01,1,01,0,00,1,01
62825000,1,1,1,1,0707,00,1,00,1,01,0,00,1,00
62835000,1,1,1,1,0000,02,1,00,1,00,0,00,1,00
62845000,1,1,1,1,0000,01,1,01,1,01,0,00,1,01
62855000,1,1,1,1,0007,00,1,01,1,01,0,00,1,01
62865000,1,1,1,1,0707,02,1,01,1,01,0,00,1,01
62875000,1,1,1,1,0707,01,1,00,1,01,0,00,1,00
62885000,1,1,1,1,0700,00,1,01,1,01,0,00,1,01
62895000,1,1,1,1,0700,02,1,01,1,00,0,00,1,01
62905000,1,1,1,1,0700,01,1,00,1,00,0,00,1,00
62915000,1,1,1,1,0000,00,1,00,1,00,0,00,1,00
62925000,1,1,1,1,0700,02,1,01,1,01,0,00,1,01
62935000,1,1,1,1,0700,01,1,00,1,01,0,00,1,00
62945000,1,1,1,1,0007,00,1,01,1,01,0,00,1,01
62955000,1,1,1,1,0700,02,1,01,1,00,0,00,1,01
62965000,1,1,1,1,0700,01,1,01,1,00,0,00,1,01
62975000,1,1,1,1,0707,00,1,01,1,01,0,00,1,01
62985000,1,1,1,1,0000,02,1,01,1,00,0,00,1,01
62995000,1,1,1,1,0000,01,1,01,1,00,0,00,1,01
63005000,1,1,1,1,0007,00,1,00,1,01,0,00,1,00
63015000,1,1,1,1,0707,02,1,01,1,00,0,00,1,01
63025000,1,1,1,1,0707,01,1,01,1,01,0,00,1,01
63035000,1,1,1,1,0000,00,1,01,1,00,0,00,1,01
63045000,1,1,1,1,0000,02,1,01,1,00,0,00,1,01
63055000,1,1,1,1,0000,01,1,01,1,00,0,00,1,01
63065000,1,1,1,1,0007,00,1,01,1,00,0,00,1,01
63075000,1,1,1,1,0000,02,1,01,1,01,0,00,1,01
63085000,1,1,1,1,0000,01,1,00,1,01,0,00,1,00
63095000,1,1,1,1,0000,00,1,00,1,00,0,00,1,00
63105000,1,1,1,1,0000,02,1,00,1,00,0,00,1,00
63115000,1,1,1,1,0000,01,1,00,1,01,0,00,1,00
63125000,1,1,1,1,0707,00,1,01,1,01,0,00,1,01
63135000,1,1,1,1,0007,02,1,01,1,00,0,00,1,01
63145000,1,1,1,1,0007,01,1,00,1,00,0,00,1,00
63155000,1,1,1,1,0007,00,1,01,1,01,0,00,1,01
63165000,1,1,1,1,0707,02,1,00,1,00,0,00,1,00
63175000,1,1,1,1,0707,01,1,01,1,00,0,00,1,01
63185000,1,1,1,1,0007,00,1,01,1,00,0,00,1,01
63195000,1,1,1,1,0000,02,1,00,1,01,0,00,1,00
63205000,1,1,1,1,0000,01,1,00,1,00,0,00,1,00
63215000,1,1,1,1,0007,00,1,00,1,00,0,00,1,00
63225000,1,1,1,1,0700,02,1,01,1,00,0,00,1,01
63235000,1,1,1,1,0700,01,1,01,1,01,0,00,1,01
63245000,1,1,1,1,0000,00,1,01,1,01,0,00,1,01
63255000,1,1,1,1,0707,02,1,01,1,00,0,00,1,01
63265000,1,1,1,1,0707,01,1,00,1,00,0,00,1,00
63275000,1,1,1,1,0700,00,1,01,1,01,0,00,1,01
63285000,1,1,1,1,0000,02,1,01,1,01,0,00,1,01
63295000,1,1,1,1,0000,01,1,01,1,00,0,00,1,01
63305000,1,1,1,1,0000,00,1,01,1,01,0,00,1,01
63315000,1,1,1,1,0700,02,1,01,1,01,0,00,1,01
63325000,1,1,1,1,0700,01,1,00,1,00,0,00,1,00
63335000,1,1,1,1,0700,00,1,00,1,00,0,00,1,00
63345000,1,1,1,1,0000,02,1,00,1,01,0,00,1,00
63355000,1,1,1,1,0000,01,1,01,1,01,0,00,1,01
63365000,1,1,1,1,0700,00,1,01,1,00,0,00,1,01
63375000,1,1,1,1,0000,02,1,00,1,01,0,00,1,00
63385000,1,1,1,1,0000,01,1,00,1,01,0,00,1,00
63395000,1,1,1,1,0000,00,1,01,1,01,0,00,1,01
63405000,1,1,1,1,0000,02,1,00,1,01,0,00,1,00
63415000,1,1,1,1,0000,01,1,01,1,01,0,00,1,01
63425000,1,1,1,1,0700,00,1,00,1,00,0,00,1,00
63435000,1,1,1,1,0007,02,1,00,1,01,0,00,1,00
63445000,1,1,1,1,0007,01,1,01,1,01,0,00,1,01
63455000,1,1,1,1,0707,00,1,00,1,00,0,00,1,00
63465000,1,1,1,1,0000,02,1,01,1,01,0,00,1,01
63475000,1,1,1,1,0000,01,1,01,1,00,0,00,1,01
63485000,1,1,1,1,0007,00,1,01,1,01,0,00,1,01
63495000,1,1,1,1,0700,02,1,00,1,00,0,00,1,00
63505000,1,1,1,1,0700,01,1,01,1,00,0,00,1,01
63515000,1,1,1,1,0707,00,1,00,1,00,0,00,1,00
63525000,1,1,1,1,0007,02,1,01,1,01,0,00,1,01
63535000,1,1,1,1,0007,01,1,01,1,01,0,00,1,01
63545000,1,1,1,1,0000,00,1,00,1,01,0,00,1,00
63555000,1,1,1,1,0007,02,1,01,1,01,0,00,1,01
63565000,1,1,1,1,0007,01,1,01,1,00,0,00,1,01
63575000,1,1,1,1,0707,00,1,01,1,01,0,00,1,01
63585000,1,1,1,1,0000,02,1,00,1,01,0,00,1,00
63595000,1,1,1,1,0000,01,1,00,1,00,0,00,1,00
63605000,1,1,1,1,0700,00,1,00,1,00,0,00,1,00
63615000,1,1,1,1,0700,02,1,00,1,00,0,00,1,00
63625000,1,1,1,1,0700,01,1,01,1,00,0,00,1,01
63635000,1,1,1,1,0000,00,1,00,1,00,0,00,1,00
63645000,1,1,1,1,0700,02,1,00,1,00,0,00,1,00
63655000,1,1,1,1,0700,01,1,00,1,00,0,00,1,00
63665000,1,1,1,1,0700,00,1,01,1,01,0,00,1,01
63675000,1,1,1,1,0000,02,1,01,1,01,0,00,1,01
63685000,1,1,1,1,0000,01,1,01,1,00,0,00,1,01
63695000,1,1,1,1,0007,00,1,01,1,01,0,00,1,01
63705000,1,1,1,1,0707,02,1,01,1,01,0,00,1,01
63715000,1,1,1,1,0707,01,1,00,1,01,0,00,1,00
63725000,1,1,1,1,0700,00,1,00,1,00,0,00,1,00
63735000,1,1,1,1,0707,02,1,01,1,01,0,00,1,01
63745000,1,1,1,1,0707,01,1,01,1,00,0,00,1,01
63755000,1,1,1,1,0707,00,1,01,1,01,0,00,1,01
63765000,1,1,1,1,0000,02,1,01,1,00,0,00,1,01
63775000,1,1,1,1,0000,01,1,00,1,00,0,00,1,00
63785000,1,1,1,1,0700,00,1,00,1,01,0,00,1,00
63795000,1,1,1,1,0007,02,1,01,1,00,0,00,1,01
63805000,1,1,1,1,0007,01,1,01,1,00,0,00,1,01
63815000,1,1,1,1,0007,00,1,00,1,00,0,00,1,00
63825000,1,1,1,1,0700,02,1,01,1,00,0,00,1,01
63835000,1,1,1,1,0700,01,1,00,1,00,0,00,1,00
63845000,1,1,1,1,0000,00,1,01,1,00,0,00,1,01
63855000,1,1,1,1,0700,02,1,00,1,01,0,00,1,00
63865000,1,1,1,1,0700,01,1,01,1,00,0,00,1,01
63875000,1,1,1,1,0000,00,1,00,1,00,0,00,1,00
63885000,1,1,1,1,0700,02,1,00,1,01,0,00,1,00
63895000,1,1,1,1,0700,01,1,01,1,01,0,00,1,01
63905000,1,1,0,1,0007,00,1,00,0,01,0,00,1,00
65945000,1,1,1,1,0000,00,0,00,1,01,0,00,0,00
65955000,1,1,1,1,0700,02,1,00,1,00,0,00,1,00
65965000,1,1,1,1,0700,01,1,00,1,01,0,00,1,00
65975000,1,1,1,1,0700,00,1,00,1,01,0,00,1,00
65985000,1,1,1,1,0700,02,1,01,1,00,0,00,1,01
65995000,1,1,1,1,0700,01,1,00,1,00,0,00,1,00
66005000,1,1,1,1,0007,00,1,00,1,01,0,00,1,00
66015000,1,1,1,1,0000,02,1,00,1,00,0,00,1,00
66025000,1,1,1,1,0000,01,1,00,1,01,0,00,1,00
66035000,1,1,1,1,0700,00,1,00,1,01,0,00,1,00
66045000,1,1,1,1,0007,02,1,00,1,01,0,00,1,00
66055000,1,1,1,1,0007,01,1,01,1,01,0,00,1,01
66065000,1,1,1,1,0707,00,1,01,1,01,0,00,1,01
66075000,1,1,1,1,0707,02,1,01,1,01,0,00,1,01
66085000,1,1,1,1,0707,01,1,01,1,00,0,00,1,01
66095000,1,1,1,1,0707,00,1,01,1,01,0,00,1,01
66105000,1,1,1,1,0700,02,1,01,1,01,0,00,1,01
66115000,1,1,1,1,0700,01,1,01,1,01,0,00,1,01
66125000,1,1,1,1,0007,00,1,00,1,01,0,00,1,00
66135000,1,1,1,1,0707,02,1,01,1,01,0,00,1,01
66145000,1,1,1,1,0707,01,1,00,1,01,0,00,1,00
66155000,1,1,1,1,0707,00,1,01,1,01,0,00,1,01
66165000,1,1,1,1,0007,02,1,01,1,00,0,00,1,01
66175000,1,1,1,1,0007,01,1,01,1,00,0,00,1,01
66185000,1,1,1,1,0700,00,1,01,1,00,0,00,1,01
66195000,1,1,1,1,0700,02,1,01,1,00,0,00,1,01
66205000,1,1,1,1,0700,01,1,00,1,01,0,00,1,00
66215000,1,1,1,1,0707,00,1,00,1,01,0,00,1,00
66225000,1,1,1,1,0007,02,1,01,1,00,0,00,1,01
66235000,1,1,1,1,0007,01,1,00,1,01,0,00,1,00
66245000,1,1,1,1,0707,00,1,01,1,00,0,00,1,01
66255000,1,1,1,1,0707,02,1,00,1,01,0,00,1,00
66265000,1,1,1,1,0707,01,1,01,1,01,0,00,1,01
66275000,1,1,1,1,0007,00,1,00,1,00,0,00,1,00
66285000,1,1,1,1,0700,02,1,00,1,00,0,00,1,00
66295000,1,1,1,1,0700,01,1,01,1,00,0,00,1,01
66305000,1,1,1,1,0007,00,1,01,1,01,0,00,1,01
66315000,1,1,1,1,0707,02,1,01,1,01,0,00,1,01
66325000,1,1,1,1,0707,01,1,00,1,01,0,00,1,00
66335000,1,1,1,1,0707,00,1,01,1,01,0,00,1,01
66345000,1,1,1,1,0007,02,1,00,1,00,0,00,1,00
66355000,1,1,1,1,0007,01,1,00,1,01,0,00,1,00
66365000,1,1,1,1,0000,00,1,00,1,01,0,00,1,00
66375000,1,1,1,1,0007,02,1,01,1,01,0,00,1,01
66385000,1,1,1,1,0007,01,1,00,1,01,0,00,1,00
66395000,1,1,1,1,0007,00,1,01,1,01,0,00,1,01
66405000,1,1,1,1,0000,02,1,00,1,00,0,00,1,00
66415000,1,1,1,1,0000,01,1,01,1,00,0,00,1,01
66425000,1,1,1,1,0707,00,1,00,1,00,0,00,1,00
66435000,1,1,1,1,0007,02,1,01,1,01,0,00,1,01
66445000,1,1,1,1,0007,01,1,00,1,01,0,00,1,00
66455000,1,1,1,1,0707,00,1,01,1,00,0,00,1,01
66465000,1,1,1,1,0707,02,1,00,1,00,0,00,1,00
66475000,1,1,1,1,0707,01,1,00,1,01,0,00,1,00
66485000,1,1,1,1,0707,00,1,00,1,00,0,00,1,00
66495000,1,1,1,1,0000,02,1,01,1,01,0,00,1,01
66505000,1,1,1,1,0000,01,1,00,1,00,0,00,1,00
66515000,1,1,1,1,0007,00,1,00,1,00,0,00,1,00
66525000,1,1,1,1,0007,02,1,01,1,01,0,00,1,01
66535000,1,1,1,1,0007,01,1,00,1,00,0,00,1,00
66545000,1,1,1,1,0700,00,1,00,1,01,0,00,1,00
66555000,1,1,1,1,0700,02,1,00,1,01,0,00,1,00
66565000,1,1,1,1,0700,01,1,00,1,01,0,00,1,00
66575000,1,1,1,1,0700,00,1,00,1,00,0,00,1,00
66585000,1,1,1,1,0700,02,1,00,1,01,0,00,1,00
66595000,1,1,1,1,0700,01,1,01,1,00,0,00,1,01
66605000,1,1,1,1,0000,00,1,00,1,01,0,00,1,00
66615000,1,1,1,1,0000,02,1,00,1,01,0,00,1,00
66625000,1,1,1,1,0000,01,1,00,1,00,0,00,1,00
66635000,1,1,1,1,0000,00,1,01,1,01,0,00,1,01
66645000,1,1,1,1,0707,02,1,01,1,01,0,00,1,01
66655000,1,1,1,1,0707,01,1,01,1,01,0,00,1,01
66665000,1,1,1,1,0707,00,1,00,1,00,0,00,1,00
66675000,1,1,1,1,0707,02,1,01,1,00,0,00,1,01
66685000,1,1,1,1,0707,01,1,00,1,00,0,00,1,00
66695000,1,1,1,1,0707,00,1,00,1,00,0,00,1,00
66705000,1,1,1,1,0700,02,1,01,1,01,0,00,1,01
66715000,1,1,1,1,0700,01,1,01,1,00,0,00,1,01
66725000,1,1,1,1,0000,00,1,00,1,00,0,00,1,00
66735000,1,1,1,1,0007,02,1,01,1,00,0,00,1,01
66745000,1,1,1,1,0007,01,1,01,1,01,0,00,1,01
66755000,1,1,1,1,0700,00,1,00,1,01,0,00,1,00
66765000,1,1,1,1,0007,02,1,00,1,01,0,00,1,00
66775000,1,1,1,1,0007,01,1,01,1,01,0,00,1,01
66785000,1,1,1,1,0007,00,1,01,1,01,0,00,1,01
66795000,1,1,1,1,0700,02,1,01,1,00,0,00,1,01
66805000,1,1,1,1,0700,01,1,01,1,00,0,00,1,01
66815000,1,1,1,1,0000,00,1,00,1,01,0,00,1,00
66825000,1,1,1,1,0700,02,1,01,1,01,0,00,1,01
66835000,1,1,1,1,0700,01,1,00,1,01,0,00,1,00
66845000,1,1,1,1,0000,00,1,00,1,01,0,00,1,00
66855000,1,1,1,1,0707,02,1,01,1,00,0,00,1,01
66865000,1,1,1,1,0707,01,1,00,1,00,0,00,1,00
66875000,1,1,1,1,0007,00,1,00,1,01,0,00,1,00
66885000,1,1,1,1,0707,02,1,01,1,01,0,00,1,01
66895000,1,1,1,1,0707,01,1,01,1,00,0,00,1,01
66905000,1,1,1,1,0007,00,1,01,1,01,0,00,1,01
66915000,1,1,1,1,0700,02,1,00,1,00,0,00,1,00
66925000,1,1,1,1,0700,01,1,01,1,01,0,00,1,01
66935000,1,1,1,1,0700,00,1,01,1,00,0,00,1,01
66945000,1,1,1,1,0700,02,1,01,1,01,0,00,1,01
66955000,1,1,1,1,0700,01,1,01,1,00,0,00,1,01
66965000,1,1,1,1,0707,00,1,00,1,00,0,00,1,00
66975000,1,1,1,1,0007,02,1,00,1,01,0,00,1,00
66985000,1,1,1,1,0007,01,1,01,1,00,0,00,1,01
66995000,1,1,1,1,0707,00,1,01,1,00,0,00,1,01
67005000,1,1,1,1,0000,02,1,00,1,00,0,00,1,00
67015000,1,1,1,1,0000,01,1,01,1,00,0,00,1,01
67025000,1,1,1,1,0700,00,1,01,1,01,0,00,1,01
67035000,1,1,1,1,0700,02,1,00,1,00,0,00,1,00
67045000,1,1,1,1,0700,01,1,00,1,00,0,00,1,00
67055000,1,1,1,1,0007,00,1,01,1,00,0,00,1,01
67065000,1,1,1,1,0707,02,1,00,1,00,0,00,1,00
67075000,1,1,1,1,0707,01,1,00,1,00,0,00,1,00
67085000,1,1,1,1,0000,00,1,01,1,00,0,00,1,01
67095000,1,1,1,1,0007,02,1,01,1,01,0,00,1,01
67105000,1,1,1,1,0007,01,1,01,1,01,0,00,1,01
67115000,1,1,1,1,0000,00,1,00,1,01,0,00,1,00
67125000,1,1,1,1,0707,02,1,00,1,01,0,00,1,00
67135000,1,1,1,1,0707,01,1,00,1,01,0,00,1,00
67145000,1,1,1,1,0007,00,1,01,1,01,0,00,1,01
67155000,1,1,1,1,0700,02,1,01,1,01,0,00,1,01
67165000,1,1,1,1,0700,01,1,00,1,00,0,00,1,00
67175000,1,1,1,1,0007,00,1,01,1,01,0,00,1,01
67185000,1,1,1,1,0700,02,1,00,1,00,0,00,1,00
67195000,1,1,1,1,0700,01,1,01,1,01,0,00,1,01
67205000,1,1,1,1,0700,00,1,01,1,01,0,00,1,01
67215000,1,1,1,1,0700,02,1,01,1,01,0,00,1,01
67225000,1,1,1,1,0700,01,1,01,1,01,0,00,1,01
67235000,1,1,1,1,0707,00,1,00,1,01,0,00,1,00
67245000,1,1,1,1,0707,02,1,01,1,00,0,00,1,01
67255000,1,1,1,1,0707,01,1,01,1,00,0,00,1,01
67265000,1,1,1,1,0000,00,1,00,1,01,0,00,1,00
67275000,1,1,1,1,0007,02,1,01,1,00,0,00,1,01
67285000,1,1,1,1,0007,01,1,01,1,01,0,00,1,01
67295000,1,1,1,1,0007,00,1,01,1,00,0,00,1,01
67305000,1,1,1,1,0000,02,1,01,1,01,0,00,1,01
67315000,1,1,1,1,0000,01,1,01,1,00,0,00,1,01
67325000,1,1,1,1,0000,00,1,00,1,00,0,00,1,00
67335000,1,1,1,1,0707,02,1,00,1,01,0,00,1,00
67345000,1,1,1,1,0707,01,1,00,1,01,0,00,1,00
67355000,1,1,1,1,0707,00,1,01,1,01,0,00,1,01
67365000,1,1,1,1,0007,02,1,01,1,00,0,00,1,01
67375000,1,1,1,1,0007,01,1,01,1,01,0,00,1,01
67385000,1,1,1,1,0707,00,1,00,1,00,0,00,1,00
67395000,1,1,1,1,0700,02,1,00,1,00,0,00,1,00
67405000,1,1,1,1,0700,01,1,00,1,00,0,00,1,00
67415000,1,1,1,1,0700,00,1,00,1,01,0,00,1,00
67425000,1,1,1,1,0000,02,1,00,1,00,0,00,1,00
67435000,1,1,1,1,0000,01,1,00,1,01,0,00,1,00
67445000,1,1,1,1,0707,00,1,00,1,00,0,00,1,00
67455000,1,1,1,1,0007,02,1,00,1,01,0,00,1,00
67465000,1,1,1,1,0007,01,1,00,1,00,0,00,1,00
67475000,1,1,1,1,0007,00,1,00,1,01,0,00,1,00
67485000,1,1,1,1,0700,02,1,01,1,00,0,00,1,01
67495000,1,1,1,1,0700,01,1,00,1,01,0,00,1,00
67505000,1,1,0,1,0007,00,1,00,0,00,0,00,1,00
69545000,1,1,1,1,0707,00,0,00,1,00,0,00,0,00
69555000,1,1,1,1,0707,02,1,00,1,00,0,00,1,00
69565000,1,1,1,1,0707,01,1,01,1,00,0,00,1,01
69575000,1,1,1,1,0700,00,1,00,1,01,0,00,1,00
69585000,1,1,1,1,0700,02,1,00,1,00,0,00,1,00
69595000,1,1,1,1,0700,01,1,00,1,00,0,00,1,00
69605000,1,1,1,1,0707,00,1,00,1,01,0,00,1,00
69615000,1,1,1,1,0707,02,1,00,1,00,0,00,1,00
69625000,1,1,1,1,0707,01,1,01,1,00,0,00,1,01
69635000,1,1,1,1,0000,00,1,00,1,00,0,00,1,00
69645000,1,1,1,1,0707,02,1,00,1,00,0,00,1,00
69655000,1,1,1,1,0707,01,1,01,1,00,0,00,1,01
69665000,1,1,1,1,0000,00,1,01,1,00,0,00,1,01
69675000,1,1,1,1,0700,02,1,00,1,01,0,00,1,00
69685000,1,1,1,1,0700,01,1,00,1,00,0,00,1,00
69695000,1,1,1,1,0700,00,1,01,1,00,0,00,1,01
69705000,1,1,1,1,0700,02,1,01,1,00,0,00,1,01
69715000,1,1,1,1,0700,01,1,00,1,01,0,00,1,00
69725000,1,1,1,1,0007,00,1,01,1,01,0,00,1,01
69735000,1,1,1,1,0700,02,1,00,1,01,0,00,1,00
69745000,1,1,1,1,0700,01,1,00,1,00,0,00,1,00
69755000,1,1,1,1,0007,00,1,00,1,01,0,00,1,00
69765000,1,1,1,1,0707,02,1,00,1,00,0,00,1,00
69775000,1,1,1,1,0707,01,1,01,1,00,0,00,1,01
69785000,1,1,1,1,0007,00,1,00,1,01,0,00,1,00
69795000,1,1,1,1,0000,02,1,01,1,01,0,00,1,01
69805000,1,1,1,1,0000,01,1,01,1,00,0,00,1,01
69815000,1,1,1,1,0000,00,1,01,1,01,0,00,1,01
69825000,1,1,1,1,0700,02,1,01,1,01,0,00,1,01
69835000,1,1,1,1,0700,01,1,01,1,00,0,00,1,01
69845000,1,1,1,1,0707,00,1,00,1,00,0,00,1,00
69855000,1,1,1,1,0007,02,1,01,1,01,0,00,1,01
69865000,1,1,1,1,0007,01,1,01,1,01,0,00,1,01
69875000,1,1,1,1,0700,00,1,00,1,01,0,00,1,00
69885000,1,1,1,1,0007,02,1,00,1,01,0,00,1,00
69895000,1,1,1,1,0007,01,1,00,1,00,0,00,1,00
69905000,1,1,1,1,0000,00,1,01,1,01,0,00,1,01
69915000,1,1,1,1,0707,02,1,00,1,00,0,00,1,00
69925000,1,1,1,1,0707,01,1,01,1,00,0,00,1,01
69935000,1,1,1,1,0000,00,1,00,1,01,0,00,1,00
69945000,1,1,1,1,0007,02,1,00,1,00,0,00,1,00
69955000,1,1,1,1,0007,01,1,00,1,00,0,00,1,00
69965000,1,1,1,1,0007,00,1,01,1,01,0,00,1,01
69975000,1,1,1,1,0007,02,1,00,1,01,0,00,1,00
69985000,1,1,1,1,0007,01,1,00,1,01,0,00,1,00
69995000,1,1,1,1,0007,00,1,01,1,00,0,00,1,01
70005000,1,1,1,1,0700,02,1,01,1,01,0,00,1,01
70015000,1,1,1,1,0700,01,1,01,1,01,0,00,1,01
70025000,1,1,1,1,0000,00,1,00,1,01,0,00,1,00
70035000,1,1,1,1,0000,02,1,00,1,01,0,00,1,00
70045000,1,1,1,1,0000,01,1,00,1,00,0,00,1,00
70055000,1,1,1,1,0007,00,1,01,1,00,0,00,1,01
70065000,1,1,1,1,0707,02,1,00,1,01,0,00,1,00
70075000,1,1,1,1,0707,01,1,01,1,01,0,00,1,01
70085000,1,1,1,1,0707,00,1,01,1,00,0,00,1,01
70095000,1,1,1,1,0007,02,1,01,1,01,0,00,1,01
70105000,1,1,1,1,0007,01,1,00,1,01,0,00,1,00
70115000,1,1,1,1,0707,00,1,00,1,00,0,00,1,00
70125000,1,1,1,1,0707,02,1,01,1,00,0,00,1,01
70135000,1,1,1,1,0707,01,1,01,1,01,0,00,1,01
70145000,1,1,1,1,0000,00,1,01,1,00,0,00,1,01
70155000,1,1,1,1,0707,02,1,00,1,00,0,00,1,00
70165000,1,1,1,1,0707,01,1,00,1,01,0,00,1,00
70175000,1,1,1,1,0707,00,1,01,1,01,0,00,1,01
70185000,1,1,1,1,0707,02,1,00,1,01,0,00,1,00
70195000,1,1,1,1,0707,01,1,00,1,00,0,00,1,00
70205000,1,1,1,1,0707,00,1,00,1,00,0,00,1,00
70215000,1,1,1,1,0700,02,1,01,1,00,0,00,1,01
70225000,1,1,1,1,0700,01,1,00,1,01,0,00,1,00
70235000,1,1,1,1,0007,00,1,01,1,01,0,00,1,01
70245000,1,1,1,1,0700,02,1,00,1,00,0,00,1,00
70255000,1,1,1,1,0700,01,1,01,1,01,0,00,1,01
70265000,1,1,1,1,0707,00,1,01,1,00,0,00,1,01
70275000,1,1,1,1,0700,02,1,00,1,01,0,00,1,00
70285000,1,1,1,1,0700,01,1,01,1,01,0,00,1,01
70295000,1,1,1,1,0007,00,1,00,1,01,0,00,1,00
70305000,1,1,1,1,0000,02,1,00,1,01,0,00,1,00
70315000,1,1,1,1,0000,01,1,00,1,00,0,00,1,00
70325000,1,1,1,1,0700,00,1,00,1,01,0,00,1,00
70335000,1,1,1,1,0707,02,1,00,1,01,0,00,1,00
70345000,1,1,1,1,0707,01,1,01,1,00,0,00,1,01
70355000,1,1,1,1,0000,00,1,01,1,01,0,00,1,01
70365000,1,1,1,1,0000,02,1,01,1,01,0,00,1,01
70375000,1,1,1,1,0000,01,1,00,1,01,0,00,1,00
70385000,1,1,1,1,0007,00,1,01,1,01,0,00,1,01
70395000,1,1,1,1,0707,02,1,01,1,01,0,00,1,01
70405000,1,1,1,1,0707,01,1,00,1,00,0,00,1,00
70415000,1,1,1,1,0707,00,1,00,1,00,0,00,1,00
70425000,1,1,1,1,0707,02,1,00,1,00,0,00,1,00
70435000,1,1,1,1,0707,01,1,01,1,01,0,00,1,01
70445000,1,1,1,1,0700,00,1,01,1,01,0,00,1,01
70455000,1,1,1,1,0000,02,1,01,1,01,0,00,1,01
70465000,1,1,1,1,0000,01,1,00,1,00,0,00,1,00
70475000,1,1,1,1,0000,00,1,00,1,00,0,00,1,00
70485000,1,1,1,1,0707,02,1,01,1,00,0,00,1,01
70495000,1,1,1,1,0707,01,1,01,1,00,0,00,1,01
70505000,1,1,1,1,0707,00,1,01,1,00,0,00,1,01
70515000,1,1,1,1,0700,02,1,01,1,00,0,00,1,01
70525000,1,1,1,1,0700,01,1,00,1,00,0,00,1,00
70535000,1,1,1,1,0707,00,1,01,1,00,0,00,1,01
70545000,1,1,1,1,0707,02,1,01,1,00,0,00,1,01
70555000,1,1,1,1,0707,01,1,00,1,00,0,00,1,00
70565000,1,1,1,1,0000,00,1,01,1,01,0,00,1,01
70575000,1,1,1,1,0000,02,1,00,1,00,0,00,1,00
70585000,1,1,1,1,0000,01,1,00,1,00,0,00,1,00
70595000,1,1,1,1,0000,00,1,00,1,00,0,00,1,00
70605000,1,1,1,1,0707,02,1,00,1,01,0,00,1,00
70615000,1,1,1,1,0707,01,1,01,1,00,0,00,1,01
70625000,1,1,1,1,0700,00,1,00,1,00,0,00,1,00
70635000,1,1,1,1,0700,02,1,01,1,00,0,00,1,01
70645000,1,1,1,1,0700,01,1,00,1,00,0,00,1,00
70655000,1,1,1,1,0700,00,1,01,1,00,0,00,1,01
70665000,1,1,1,1,0700,02,1,00,1,01,0,00,1,00
70675000,1,1,1,1,0700,01,1,01,1,00,0,00,1,01
70685000,1,1,1,1,0000,00,1,01,1,00,0,00,1,01
70695000,1,1,1,1,0700,02,1,01,1,01,0,00,1,01
70705000,1,1,1,1,0700,01,1,01,1,01,0,00,1,01
70715000,1,1,1,1,0000,00,1,01,1,00,0,00,1,01
70725000,1,1,1,1,0700,02,1,00,1,00,0,00,1,00
70735000,1,1,1,1,0700,01,1,01,1,01,0,00,1,01
70745000,1,1,1,1,0007,00,1,01,1,01,0,00,1,01
70755000,1,1,1,1,0700,02,1,00,1,00,0,00,1,00
70765000,1,1,1,1,0700,01,1,00,1,01,0,00,1,00
70775000,1,1,1,1,0000,00,1,00,1,00,0,00,1,00
70785000,1,1,1,1,0707,02,1,00,1,00,0,00,1,00
70795000,1,1,1,1,0707,01,1,01,1,00,0,00,1,01
70805000,1,1,1,1,0000,00,1,00,1,00,0,00,1,00
70815000,1,1,1,1,0007,02,1,00,1,01,0,00,1,00
70825000,1,1,1,1,0007,01,1,01,1,00,0,00,1,01
70835000,1,1,1,1,0000,00,1,01,1,01,0,00,1,01
70845000,1,1,1,1,0000,02,1,00,1,01,0,00,1,00
70855000,1,1,1,1,0000,01,1,00,1,01,0,00,1,00
70865000,1,1,1,1,0707,00,1,01,1,01,0,00,1,01
70875000,1,1,1,1,0000,02,1,01,1,01,0,00,1,01
70885000,1,1,1,1,0000,01,1,01,1,00,0,00,1,01
70895000,1,1,1,1,0007,00,1,00,1,01,0,00,1,00
70905000,1,1,1,1,0007,02,1,01,1,01,0,00,1,01
70915000,1,1,1,1,0007,01,1,01,1,00,0,00,1,01
70925000,1,1,1,1,0007,00,1,00,1,00,0,00,1,00
70935000,1,1,1,1,0700,02,1,01,1,00,0,00,1,01
70945000,1,1,1,1,0700,01,1,01,1,01,0,00,1,01
70955000,1,1,1,1,0007,00,1,01,1,00,0,00,1,01
70965000,1,1,1,1,0000,02,1,01,1,01,0,00,1,01
70975000,1,1,1,1,0000,01,1,01,1,00,0,00,1,01
70985000,1,1,1,1,0707,00,1,01,1,00,0,00,1,01
70995000,1,1,1,1,0700,02,1,01,1,00,0,00,1,01
71005000,1,1,1,1,0700,01,1,01,1,01,0,00,1,01
71015000,1,1,1,1,0700,00,1,01,1,00,0,00,1,01
71025000,1,1,1,1,0000,02,1,01,1,00,0,00,1,01
71035000,1,1,1,1,0000,01,1,01,1,01,0,00,1,01
71045000,1,1,1,1,0707,00,1,01,1,01,0,00,1,01
71055000,1,1,1,1,0707,02,1,00,1,01,0,00,1,00
71065000,1,1,1,1,0707,01,1,00,1,00,0,00,1,00
71075000,1,1,1,1,0700,00,1,00,1,00,0,00,1,00
71085000,1,1,1,1,0707,02,1,00,1,00,0,00,1,00
71095000,1,1,1,1,0707,01,1,00,1,01,0,00,1,00
71105000,1,1,1,1,0303,00,1,00,1,00,0,00,1,00
71115000,1,1,1,1,0303,00,1,00,1,01,0,00,1,00
71125000,1,1,1,1,0303,00,1,01,1,01,0,00,1,01
71135000,1,1,0,1,0303,00,1,01,0,01,0,00,1,01
