sample,cycle,time_ns,i,q,hold
0,130,1305000,1507,1507,0
1,131,1315000,-4340,77,0
2,132,1325000,-441,-2573,0
3,133,1335000,4678,-415,0
4,134,1345000,3015,0,0
5,135,1355000,4678,-415,0
6,136,1365000,-441,-2573,0
7,137,1375000,-4340,77,0
8,138,1385000,1507,1507,0
9,139,1395000,77,-4340,0
10,140,1405000,-2573,-441,0
11,141,1415000,-415,4678,0
12,142,1425000,0,3015,0
13,143,1435000,-415,4678,0
14,144,1445000,-2573,-441,0
15,145,1455000,77,-4340,0
16,146,1465000,1507,1507,0
17,147,1475000,-4340,77,0
18,148,1485000,-441,-2573,0
19,149,1495000,4678,-415,0
20,150,1505000,3015,0,0
21,151,1515000,4678,-415,0
22,152,1525000,-441,-2573,0
23,153,1535000,-4340,77,0
24,154,1545000,1507,1507,0
25,155,1555000,77,-4340,0
26,156,1565000,-2573,-441,0
27,157,1575000,-415,4678,0
28,158,1585000,0,3015,0
29,159,1595000,-415,4678,0
30,160,1605000,-2573,-441,0
31,161,1615000,77,-4340,0
32,162,1625000,1507,1507,0
33,163,1635000,-4340,77,0
34,164,1645000,-441,-2573,0
35,165,1655000,4678,-415,0
36,166,1665000,3015,0,0
37,167,1675000,4678,-415,0
38,168,1685000,-441,-2573,0
39,169,1695000,-4340,77,0
40,170,1705000,1507,1507,0
41,171,1715000,77,-4340,0
42,172,1725000,-2573,-441,0
43,173,1735000,-415,4678,0
44,174,1745000,0,3015,0
45,175,1755000,-415,4678,0
46,176,1765000,-2573,-441,0
47,177,1775000,77,-4340,0
48,178,1785000,1507,1507,0
49,179,1795000,-4340,77,0
50,180,1805000,-441,-2573,0
51,181,1815000,4678,-415,0
52,182,1825000,3015,0,0
53,183,1835000,4678,-415,0
54,184,1845000,-441,-2573,0
55,185,1855000,-4340,77,0
56,186,1865000,1507,1507,0
57,187,1875000,77,-4340,0
58,188,1885000,-2573,-441,0
59,189,1895000,-415,4678,0
60,190,1905000,0,3015,0
61,191,1915000,-415,4678,0
62,192,1925000,-2573,-441,0
63,193,1935000,77,-4340,0
64,194,1945000,1507,1507,0
65,195,1955000,-4340,77,0
66,196,1965000,-441,-2573,0
67,197,1975000,4678,-415,0
68,198,1985000,3015,0,0
69,199,1995000,4678,-415,0
70,200,2005000,-441,-2573,0
71,201,2015000,-4340,77,0
72,202,2025000,1507,1507,0
73,203,2035000,77,-4340,0
74,204,2045000,-2573,-441,0
75,205,2055000,-415,4678,0
76,206,2065000,0,3015,0
77,207,2075000,-415,4678,0
78,208,2085000,-2573,-441,0
79,209,2095000,77,-4340,0
80,210,2105000,1507,1507,0
81,211,2115000,-4340,77,0
82,212,2125000,-441,-2573,0
83,226,2265000,4678,-415,0
84,227,2275000,3015,0,0
85,228,2285000,4678,-415,0
86,240,2405000,-441,-2573,0
87,241,2415000,-4340,77,0
88,242,2425000,1507,1507,0
89,254,2545000,77,-4340,0
90,255,2555000,-2573,-441,0
91,256,2565000,-415,4678,0
92,269,2695000,0,3015,0
93,270,2705000,-415,4678,0
94,271,2715000,-2573,-441,0
95,283,2835000,77,-4340,0
96,284,2845000,1507,1507,0
97,285,2855000,-4340,77,0
98,298,2985000,-441,-2573,0
99,299,2995000,4678,-415,0
100,300,3005000,3015,0,0
101,312,3125000,4678,-415,0
102,313,3135000,-441,-2573,0
103,314,3145000,-4340,77,0
104,326,3265000,1507,1507,0
105,327,3275000,77,-4340,0
106,328,3285000,-2573,-441,0
107,341,3415000,-415,4678,0
108,342,3425000,0,3015,0
109,343,3435000,-415,4678,0
110,355,3555000,-2573,-441,0
111,356,3565000,77,-4340,0
112,357,3575000,1507,1507,0
113,370,3705000,-4340,77,0
114,371,3715000,-441,-2573,0
115,372,3725000,4678,-415,0
116,384,3845000,3015,0,0
117,385,3855000,4678,-415,0
118,386,3865000,-441,-2573,0
119,398,3985000,-4340,77,0
120,399,3995000,1507,1507,0
121,400,4005000,77,-4340,0
122,413,4135000,-2573,-441,0
123,414,4145000,-415,4678,0
124,415,4155000,0,3015,0
125,427,4275000,-415,4678,0
126,428,4285000,-2573,-441,0
127,429,4295000,77,-4340,0
128,442,4425000,1507,1507,0
129,443,4435000,-4340,77,0
130,444,4445000,-441,-2573,0
131,456,4565000,4678,-415,0
132,457,4575000,3015,0,0
133,458,4585000,4678,-415,0
134,470,4705000,-441,-2573,0
135,471,4715000,-4340,77,0
136,472,4725000,1507,1507,0
137,485,4855000,77,-4340,0
138,486,4865000,-2573,-441,0
139,487,4875000,-415,4678,0
140,499,4995000,0,3015,0
141,500,5005000,-415,4678,0
142,501,5015000,-2573,-441,0
143,514,5145000,77,-4340,0
144,515,5155000,1507,1507,0
145,516,5165000,-4340,77,0
146,528,5285000,-441,-2573,0
147,529,5295000,4678,-415,0
148,530,5305000,3015,0,0
149,542,5425000,4678,-415,0
150,543,5435000,-441,-2573,0
151,544,5445000,-4340,77,0
152,557,5575000,1507,1507,0
153,558,5585000,77,-4340,0
154,559,5595000,-2573,-441,0
155,571,5715000,-415,4678,0
156,572,5725000,0,3015,0
157,573,5735000,-415,4678,0
158,586,5865000,-2573,-441,0
159,587,5875000,77,-4340,0
160,588,5885000,-5120,0,0
161,600,6005000,403,-3198,0
162,601,6015000,3005,-3469,0
163,602,6025000,-3011,-3773,0
164,614,6145000,-92,-1762,0
165,615,6155000,2460,2426,0
166,616,6165000,-4172,672,0
167,629,6295000,-3994,543,0
168,630,6305000,-1148,4944,0
169,631,6315000,-1850,714,0
170,643,6435000,-1976,-2664,0
171,644,6445000,2279,-463,0
172,645,6455000,2694,-3026,0
173,658,6585000,-4301,-2137,0
174,659,6595000,-1875,-1288,0
175,660,6605000,1210,-3223,0
176,672,6725000,2048,2048,0
177,673,6735000,3907,134,0
178,674,6745000,-737,-5264,0
179,686,6865000,1922,490,0
180,687,6875000,802,1918,0
181,688,6885000,-4483,1553,0
182,701,7015000,32,3768,0
183,702,7025000,1748,-134,0
184,703,7035000,3196,848,0
185,715,7155000,-1256,3479,0
186,716,7165000,-3773,1808,0
187,717,7175000,1960,2874,0
188,730,7305000,692,-914,0
189,731,7315000,3173,-2713,0
190,732,7325000,1303,3642,0
191,744,7445000,-168,3943,0
192,745,7455000,5120,0,0
193,746,7465000,-168,-3943,0
194,758,7585000,1303,-3642,0
195,759,7595000,3173,2713,0
196,760,7605000,692,914,0
197,773,7735000,1960,-2874,0
198,774,7745000,-3773,-1808,0
199,775,7755000,-1256,-3479,0
200,787,7875000,3196,-848,0
201,788,7885000,1748,134,0
202,789,7895000,32,-3768,0
203,802,8025000,-4483,-1553,0
204,803,8035000,802,-1918,0
205,804,8045000,1922,-490,0
206,816,8165000,-737,5264,0
207,817,8175000,3907,-134,0
208,818,8185000,2048,-2048,0
209,830,8305000,1210,3223,0
210,831,8315000,-1875,1288,0
211,832,8325000,-4301,2137,0
212,845,8455000,2694,3026,0
213,846,8465000,2279,463,0
214,847,8475000,-1976,2664,0
215,859,8595000,-1850,-714,0
216,860,8605000,-1148,-4944,0
217,861,8615000,-3994,-543,0
218,874,8745000,-4172,-672,0
219,875,8755000,2460,-2426,0
220,876,8765000,-92,1762,0
221,888,8885000,-3011,3773,0
222,889,8895000,3005,3469,0
223,890,8905000,403,3198,0
224,902,9025000,-5120,0,0
225,903,9035000,403,-3198,0
226,904,9045000,3005,-3469,0
227,917,9175000,-3011,-3773,0
228,918,9185000,-92,-1762,0
229,919,9195000,2460,2426,0
230,931,9315000,-4172,672,0
231,932,9325000,-3994,543,0
232,933,9335000,-1148,4944,0
233,946,9465000,-1850,714,0
234,947,9475000,-1976,-2664,0
235,948,9485000,2279,-463,0
236,960,9605000,2694,-3026,0
237,961,9615000,-4301,-2137,0
238,962,9625000,-1875,-1288,0
239,974,9745000,1210,-3223,0
240,975,9755000,2048,2048,0
241,976,9765000,3907,134,0
242,989,9895000,-737,-5264,0
243,990,9905000,1922,490,0
244,991,9915000,802,1918,0
245,1003,10035000,-4483,1553,0
246,1004,10045000,32,3768,0
247,1005,10055000,1748,-134,0
248,1018,10185000,3196,848,0
249,1019,10195000,-1256,3479,0
250,1020,10205000,-3773,1808,0
251,1032,10325000,1960,2874,0
252,1033,10335000,692,-914,0
253,1034,10345000,3173,-2713,0
254,1046,10465000,1303,3642,0
255,1047,10475000,-168,3943,0
256,1048,10485000,5120,0,0
257,1061,10615000,-168,-3943,0
258,1062,10625000,1303,-3642,0
259,1063,10635000,3173,2713,0
260,1075,10755000,692,914,0
261,1076,10765000,1960,-2874,0
262,1077,10775000,-3773,-1808,0
263,1090,10905000,-1256,-3479,0
264,1091,10915000,3196,-848,0
265,1092,10925000,1748,134,0
266,1104,11045000,32,-3768,0
267,1105,11055000,-4483,-1553,0
268,1106,11065000,802,-1918,0
269,1118,11185000,1922,-490,0
270,1119,11195000,-737,5264,0
271,1120,11205000,3907,-134,0
272,1133,11335000,2048,-2048,0
273,1134,11345000,1210,3223,0
274,1135,11355000,-1875,1288,0
275,1147,11475000,-4301,2137,0
276,1148,11485000,2694,3026,0
277,1149,11495000,2279,463,0
278,1162,11625000,-1976,2664,0
279,1163,11635000,-1850,-714,0
280,1164,11645000,-1148,-4944,0
281,1176,11765000,-3994,-543,0
282,1177,11775000,-4172,-672,0
283,1178,11785000,2460,-2426,0
284,1190,11905000,-92,1762,0
285,1191,11915000,-3011,3773,0
286,1192,11925000,3005,3469,0
287,1205,12055000,403,3198,0
288,1206,12065000,-5120,0,0
289,1207,12075000,403,-3198,0
290,1219,12195000,3005,-3469,0
291,1220,12205000,-3011,-3773,0
292,1221,12215000,-92,-1762,0
293,1234,12345000,2460,2426,0
294,1235,12355000,-4172,672,0
295,1236,12365000,-3994,543,0
296,1248,12485000,-1148,4944,0
297,1249,12495000,-1850,714,0
298,1250,12505000,-1976,-2664,0
299,1262,12625000,2279,-463,0
300,1263,12635000,2694,-3026,0
301,1264,12645000,-4301,-2137,0
302,1277,12775000,-1875,-1288,0
303,1278,12785000,1210,-3223,0
304,1279,12795000,2048,2048,0
305,1291,12915000,3907,134,0
306,1292,12925000,-737,-5264,0
307,1293,12935000,1922,490,0
308,1306,13065000,802,1918,0
309,1307,13075000,-4483,1553,0
310,1308,13085000,32,3768,0
311,1320,13205000,1748,-134,0
312,1321,13215000,3196,848,0
313,1322,13225000,-1256,3479,0
314,1334,13345000,-3773,1808,0
315,1335,13355000,1960,2874,0
316,1336,13365000,692,-914,0
317,1349,13495000,3173,-2713,0
318,1350,13505000,1303,3642,0
319,1351,13515000,-168,3943,0
320,1363,13635000,2048,2048,0
321,1364,13645000,2855,-478,0
322,1365,13655000,-1121,2220,0
323,1378,13785000,-2306,-2519,0
324,1379,13795000,-3308,-5448,0
325,1380,13805000,495,442,0
326,1392,13925000,5339,1342,0
327,1393,13935000,1572,-2852,0
328,1394,13945000,3620,-2472,0
329,1406,14065000,-1230,2594,0
330,1407,14075000,-5618,1688,0
331,1408,14085000,672,-1781,0
332,1421,14215000,-1186,2432,0
333,1422,14225000,759,2276,0
334,1423,14235000,572,572,0
335,1435,14355000,1077,5190,0
336,1436,14365000,7168,0,0
337,1437,14375000,1077,-5190,0
338,1450,14505000,571,-572,0
339,1451,14515000,759,-2276,0
340,1452,14525000,-1186,-2432,0
341,1464,14645000,673,1781,0
342,1465,14655000,-5618,-1687,0
343,1466,14665000,-1230,-2594,0
344,1478,14785000,3620,2472,0
345,1479,14795000,1572,2852,0
346,1480,14805000,5338,-1342,0
347,1493,14935000,495,-442,0
348,1494,14945000,-3308,5448,0
349,1495,14955000,-2308,2519,0
350,1507,15075000,-1121,-2220,0
351,1508,15085000,2855,478,0
352,1509,15095000,2048,-2048,0
353,1522,15225000,987,-3606,0
354,1523,15235000,323,612,0
355,1524,15245000,1806,-381,0
356,1536,15365000,1260,-96,0
357,1537,15375000,-615,808,0
358,1538,15385000,5245,-1498,0
359,1550,15505000,1500,-24,0
360,1551,15515000,-3620,424,0
361,1552,15525000,-514,1082,0
362,1565,15655000,-2070,2252,0
363,1566,15665000,336,-1745,0
364,1567,15675000,-862,216,0
365,1579,15795000,-6939,4032,0
366,1580,15805000,-2668,-1836,0
367,1581,15815000,-455,-5122,0
368,1594,15945000,-3072,0,0
369,1595,15955000,-455,5122,0
370,1596,15965000,-2669,1836,0
371,1608,16085000,-6939,-4032,0
372,1609,16095000,-862,-216,0
373,1610,16105000,335,1745,0
374,1622,16225000,-2070,-2253,0
375,1623,16235000,-514,-1082,0
376,1624,16245000,-3620,-424,0
377,1637,16375000,1500,24,0
378,1638,16385000,5246,1498,0
379,1639,16395000,-615,-808,0
380,1651,16515000,1260,96,0
381,1652,16525000,1808,381,0
382,1653,16535000,321,-612,0
383,1666,16665000,987,3606,0
384,1667,16675000,2048,2048,0
385,1668,16685000,2855,-478,0
386,1680,16805000,-1121,2220,0
387,1681,16815000,-2306,-2519,0
388,1682,16825000,-3308,-5448,0
389,1694,16945000,495,442,0
390,1695,16955000,5339,1342,0
391,1696,16965000,1572,-2852,0
392,1709,17095000,3620,-2472,0
393,1710,17105000,-1230,2594,0
394,1711,17115000,-5618,1688,0
395,1723,17235000,672,-1781,0
396,1724,17245000,-1186,2432,0
397,1725,17255000,759,2276,0
398,1738,17385000,572,572,0
399,1739,17395000,1077,5190,0
400,1740,17405000,1024,-5120,0
401,1752,17525000,1330,-572,0
402,1753,17535000,-4308,814,0
403,1754,17545000,-3404,-3998,0
404,1766,17665000,110,2454,0
405,1767,17675000,-646,3957,0
406,1768,17685000,314,-2022,0
407,1781,17815000,-2556,1422,0
408,1782,17825000,-4096,900,0
409,1783,17835000,-2432,-3237,0
410,1795,17955000,-5226,-2023,0
411,1796,17965000,2134,-658,0
412,1797,17975000,3894,-1116,0
413,1810,18105000,-2780,184,0
414,1811,18115000,-306,5244,0
415,1812,18125000,-2332,1225,0
416,1824,18245000,-1024,-4096,0
417,1825,18255000,748,3031,0
418,1826,18265000,-94,3540,0
419,1838,18385000,3744,-16,0
420,1839,18395000,-2002,776,0
421,1840,18405000,-173,-2242,0
422,1853,18535000,6364,-2422,0
423,1854,18545000,2231,-1277,0
424,1855,18555000,2648,-548,0
425,1867,18675000,518,827,0
426,1868,18685000,-2016,-14,0
427,1869,18695000,51,2658,0
428,1882,18825000,674,1670,0
429,1883,18835000,5210,-1960,0
430,1884,18845000,6316,-324,0
431,1896,18965000,-31,-1538,0
432,1897,18975000,-1024,-3072,0
433,1898,18985000,3198,-3024,0
434,1910,19105000,-2464,-150,0
435,1911,19115000,-5196,3614,0
436,1912,19125000,2786,-1006,0
437,1925,19255000,2866,-1165,0
438,1926,19265000,2674,2466,0
439,1927,19275000,-596,1608,0
440,1939,19395000,-4096,5244,0
441,1940,19405000,3376,3991,0
442,1941,19415000,22,-1317,0
443,1954,19545000,-4010,-566,0
444,1955,19555000,-998,-332,0
445,1956,19565000,-1724,-1368,0
446,1968,19685000,1726,-3012,0
447,1969,19695000,2764,-1413,0
448,1970,19705000,1024,0,0
449,1982,19825000,-1180,-3219,0
450,1983,19835000,-1326,-1308,0
451,1984,19845000,760,-1168,0
452,1997,19975000,-894,-2224,0
453,1998,19985000,2049,1018,0
454,1999,19995000,-1160,-918,0
455,2011,20115000,-3175,2031,0
456,2012,20125000,5544,6692,0
457,2013,20135000,2634,2203,0
458,2026,20265000,-972,458,0
459,2027,20275000,-2271,134,0
460,2028,20285000,-3570,-222,0
461,2040,20405000,3390,1576,0
462,2041,20415000,456,988,0
463,2042,20425000,-4497,-2058,0
464,2054,20545000,1024,-5120,0
465,2055,20555000,1330,-572,0
466,2056,20565000,-4308,814,0
467,2069,20695000,-3404,-3998,0
468,2070,20705000,110,2454,0
469,2071,20715000,-646,3957,0
470,2083,20835000,314,-2022,0
471,2084,20845000,-2556,1422,0
472,2085,20855000,-4096,900,0
473,2098,20985000,-2432,-3237,0
474,2099,20995000,-5226,-2023,0
475,2100,21005000,2134,-658,0
476,2112,21125000,3894,-1116,0
477,2113,21135000,-2780,184,0
478,2114,21145000,-306,5244,0
479,2126,21265000,-2332,1225,0
480,2127,21275000,1024,-3072,0
481,2128,21285000,-3566,-3064,0
482,2141,21415000,-1758,-4910,0
483,2142,21425000,3044,-4441,0
484,2143,21435000,2122,3054,0
485,2155,21555000,-2421,2020,0
486,2156,21565000,-648,-2092,0
487,2157,21575000,-3177,-3707,0
488,2170,21705000,-4944,1148,0
489,2171,21715000,174,3951,0
490,2172,21725000,-82,1720,0
491,2184,21845000,-552,3643,0
492,2185,21855000,-554,2380,0
493,2186,21865000,-1036,2300,0
494,2198,21985000,-150,1121,0
495,2199,21995000,-2778,-4295,0
496,2200,22005000,-1024,-4096,0
497,2213,22135000,1195,-2489,0
498,2214,22145000,-250,-582,0
499,2215,22155000,2001,2100,0
500,2227,22275000,2446,4272,0
501,2228,22285000,2513,2060,0
502,2229,22295000,1220,1320,0
503,2242,22425000,-374,5912,0
504,2243,22435000,3496,-300,0
505,2244,22445000,1139,-4300,0
506,2256,22565000,-1056,-82,0
507,2257,22575000,1826,721,0
508,2258,22585000,-1338,2270,0
509,2270,22705000,-1238,-2404,0
510,2271,22715000,3767,-6048,0
511,2272,22725000,4866,-4029,0
512,2285,22855000,-1024,-1024,0
513,2286,22865000,-5978,1830,0
514,2287,22875000,650,-1106,0
515,2299,22995000,1876,2025,0
516,2300,23005000,-2122,-406,0
517,2301,23015000,2811,-5088,0
518,2314,23145000,3324,3864,0
519,2315,23155000,703,-789,0
520,2316,23165000,848,-3196,0
521,2328,23285000,824,4327,0
522,2329,23295000,2758,-596,0
523,2330,23305000,1904,993,0
524,2342,23425000,554,3164,0
525,2343,23435000,-1276,-1452,0
526,2344,23445000,-958,1999,0
527,2357,23575000,4898,1745,0
528,2358,23585000,1024,-4096,0
529,2359,23595000,-3315,-61,0
530,2371,23715000,1358,3702,0
531,2372,23725000,311,-1252,0
532,2373,23735000,-2446,1272,0
533,2386,23865000,-3863,2576,0
534,2387,23875000,-3896,-196,0
535,2388,23885000,-624,2368,0
536,2400,24005000,600,-1748,0
537,2401,24015000,1335,-194,0
538,2402,24025000,-1620,1854,0
539,2414,24145000,-2218,-3789,0
540,2415,24155000,1338,378,0
541,2416,24165000,-3682,-12,0
542,2429,24295000,-2659,32,0
543,2430,24305000,4678,2795,0
544,2431,24315000,1024,-3072,0
545,2443,24435000,-3566,-3064,0
546,2444,24445000,-1758,-4910,0
547,2445,24455000,3044,-4441,0
548,2458,24585000,2122,3054,0
549,2459,24595000,-2421,2020,0
550,2460,24605000,-648,-2092,0
551,2472,24725000,-3177,-3707,0
552,2473,24735000,-4944,1148,0
553,2474,24745000,174,3951,0
554,2486,24865000,-82,1720,0
555,2487,24875000,-552,3643,0
556,2488,24885000,-554,2380,0
557,2501,25015000,-1036,2300,0
558,2502,25025000,-150,1121,0
559,2503,25035000,-2778,-4295,0
560,2515,25155000,1564,1564,0
561,2516,25165000,-4504,80,0
562,2517,25175000,-458,-2670,0
563,2530,25305000,4854,-430,0
564,2531,25315000,3128,0,0
565,2532,25325000,4854,-430,0
566,2544,25445000,-458,-2670,0
567,2545,25455000,-4504,80,0
568,2546,25465000,1564,1564,0
569,2558,25585000,80,-4504,0
570,2559,25595000,-2670,-458,0
571,2560,25605000,-430,4854,0
572,2573,25735000,0,3128,0
573,2574,25745000,-430,4854,0
574,2575,25755000,-2670,-458,0
575,2587,25875000,80,-4504,0
576,2588,25885000,1564,1564,0
577,2589,25895000,-4504,80,0
578,2602,26025000,-458,-2670,0
579,2603,26035000,4854,-430,0
580,2604,26045000,3128,0,0
581,2616,26165000,4854,-430,0
582,2617,26175000,-458,-2670,0
583,2618,26185000,-4504,80,0
584,2630,26305000,1564,1564,0
585,2631,26315000,80,-4504,0
586,2632,26325000,-2670,-458,0
587,2645,26455000,-430,4854,0
588,2646,26465000,0,3128,0
589,2647,26475000,-430,4854,0
590,2659,26595000,-2670,-458,0
591,2660,26605000,80,-4504,0
592,2661,26615000,1564,1564,0
593,2674,26745000,-4504,80,0
594,2675,26755000,-458,-2670,0
595,2676,26765000,4854,-430,0
596,2688,26885000,3128,0,0
597,2689,26895000,4854,-430,0
598,2690,26905000,-458,-2670,0
599,2702,27025000,-4504,80,0
600,2703,27035000,1564,1564,0
601,2704,27045000,80,-4504,0
602,2717,27175000,-2670,-458,0
603,2718,27185000,-430,4854,0
604,2719,27195000,0,3128,0
605,2731,27315000,-430,4854,0
606,2732,27325000,-2670,-458,0
607,2733,27335000,80,-4504,0
608,2746,27465000,1564,1564,0
609,2747,27475000,-4504,80,0
610,2748,27485000,-458,-2670,0
611,2760,27605000,4854,-430,0
612,2761,27615000,3128,0,0
613,2762,27625000,4854,-430,0
614,2774,27745000,-458,-2670,0
615,2775,27755000,-4504,80,0
616,2776,27765000,1564,1564,0
617,2789,27895000,80,-4504,0
618,2790,27905000,-2670,-458,0
619,2791,27915000,-430,4854,0
620,2803,28035000,0,3128,0
621,2804,28045000,-430,4854,0
622,2805,28055000,-2670,-458,0
623,2818,28185000,80,-4504,0
624,2819,28195000,1564,1564,0
625,2820,28205000,-4504,80,0
626,2832,28325000,-458,-2670,0
627,2833,28335000,4854,-430,0
628,2834,28345000,3128,0,0
629,2846,28465000,4854,-430,0
630,2847,28475000,-458,-2670,0
631,2848,28485000,-4504,80,0
632,2861,28615000,1564,1564,0
633,2862,28625000,80,-4504,0
634,2863,28635000,-2670,-458,0
635,2875,28755000,-430,4854,0
636,2876,28765000,0,3128,0
637,2877,28775000,-430,4854,0
638,2890,28905000,-2670,-458,0
639,2891,28915000,80,-4504,0
640,2892,28925000,2048,1024,0
641,2904,29045000,3907,645,0
642,2905,29055000,-737,-5109,0
643,2906,29065000,1922,-356,0
644,2918,29185000,802,3334,0
645,2919,29195000,-4483,-185,0
646,2920,29205000,32,5497,0
647,2933,29335000,1748,-1505,0
648,2934,29345000,3196,1572,0
649,2935,29355000,-1256,3574,0
650,2947,29475000,-3773,884,0
651,2948,29485000,1960,4470,0
652,2949,29495000,692,-2884,0
653,2962,29625000,3173,-748,0
654,2963,29635000,1303,2067,0
655,2964,29645000,-168,4817,0
656,2976,29765000,5120,0,0
657,2977,29775000,-168,-4817,0
658,2978,29785000,1303,-2067,0
659,2990,29905000,3173,748,0
660,2991,29915000,692,2884,0
661,2992,29925000,1960,-4470,0
662,3005,30055000,-3773,-884,0
663,3006,30065000,-1256,-3574,0
664,3007,30075000,3196,-1572,0
665,3019,30195000,1748,1505,0
666,3020,30205000,32,-5497,0
667,3021,30215000,-4483,185,0
668,3034,30345000,802,-3334,0
669,3035,30355000,1922,356,0
670,3036,30365000,-737,5109,0
671,3048,30485000,3907,-645,0
672,3049,30495000,2048,-1024,0
673,3050,30505000,1210,1928,0
674,3062,30625000,-1875,2581,0
675,3063,30635000,-4301,1091,0
676,3064,30645000,2694,3658,0
677,3077,30775000,2279,308,0
678,3078,30785000,-1976,2383,0
679,3079,30795000,-1850,-126,0
680,3091,30915000,-1148,-5668,0
681,3092,30925000,-3994,146,0
682,3093,30935000,-4172,-1196,0
683,3106,31065000,2460,-2130,0
684,3107,31075000,-92,1684,0
685,3108,31085000,-3011,3700,0
686,3120,31205000,3005,3597,0
687,3121,31215000,403,3107,0
688,3122,31225000,-5120,0,0
689,3134,31345000,403,-3107,0
690,3135,31355000,3005,-3597,0
691,3136,31365000,-3011,-3700,0
692,3149,31495000,-92,-1684,0
693,3150,31505000,2460,2130,0
694,3151,31515000,-4172,1196,0
695,3163,31635000,-3994,-146,0
696,3164,31645000,-1148,5668,0
697,3165,31655000,-1850,126,0
698,3178,31785000,-1976,-2383,0
699,3179,31795000,2279,-308,0
700,3180,31805000,2694,-3658,0
701,3192,31925000,-4301,-1091,0
702,3193,31935000,-1875,-2581,0
703,3194,31945000,1210,-1928,0
704,3206,32065000,2048,1024,0
705,3207,32075000,3907,645,0
706,3208,32085000,-737,-5109,0
707,3221,32215000,1922,-356,0
708,3222,32225000,802,3334,0
709,3223,32235000,-4483,-185,0
710,3235,32355000,32,5497,0
711,3236,32365000,1748,-1505,0
712,3237,32375000,3196,1572,0
713,3250,32505000,-1256,3574,0
714,3251,32515000,-3773,884,0
715,3252,32525000,1960,4470,0
716,3264,32645000,692,-2884,0
717,3265,32655000,3173,-748,0
718,3266,32665000,1303,2067,0
719,3278,32785000,-168,4817,0
720,3279,32795000,-600,0,0
721,3280,32805000,5767,2706,0
722,3293,32935000,2383,900,0
723,3294,32945000,-1114,-961,0
724,3295,32955000,-1236,258,0
725,3307,33075000,-2597,528,0
726,3308,33085000,-1334,492,0
727,3309,33095000,432,-967,0
728,3322,33225000,3920,-4344,0
729,3323,33235000,-1233,-453,0
730,3324,33245000,-4676,2231,0
731,3336,33365000,-136,888,0
732,3337,33375000,416,461,0
733,3338,33385000,260,-3387,0
734,3350,33505000,-2970,-4875,0
735,3351,33515000,-1146,2442,0
736,3352,33525000,2048,848,0
737,3365,33655000,-853,77,0
738,3366,33665000,306,3006,0
739,3367,33675000,-900,1455,0
740,3379,33795000,-995,-138,0
741,3380,33805000,-3138,-4379,0
742,3381,33815000,-5309,3527,0
743,3394,33945000,2646,4333,0
744,3395,33955000,1448,1872,0
745,3396,33965000,-728,3168,0
746,3408,34085000,321,-390,0
747,3409,34095000,-4300,-414,0
748,3410,34105000,487,-4346,0
749,3422,34225000,2006,-273,0
750,3423,34235000,-3315,502,0
751,3424,34245000,42,1040,0
752,3437,34375000,2048,1448,0
753,3438,34385000,117,-490,0
754,3439,34395000,1271,2726,0
755,3451,34515000,506,483,0
756,3452,34525000,-1236,1366,0
757,3453,34535000,121,1756,0
758,3466,34665000,-1848,6356,0
759,3467,34675000,-1868,-1045,0
760,3468,34685000,-1024,-1448,0
761,3480,34805000,-1167,4951,0
762,3481,34815000,7378,-3965,0
763,3482,34825000,3468,1780,0
764,3494,34945000,-4936,-3781,0
765,3495,34955000,3684,-6783,0
766,3496,34965000,5148,-1207,0
767,3509,35095000,-146,1502,0
768,3510,35105000,-3496,3496,0
769,3511,35115000,-4571,-5337,0
770,3523,35235000,-3112,-488,0
771,3524,35245000,-3696,-757,0
772,3525,35255000,571,-4382,0
773,3538,35385000,-846,-5,0
774,3539,35395000,-549,1561,0
775,3540,35405000,5562,-533,0
776,3552,35525000,1448,-1872,0
777,3553,35535000,2668,-2222,0
778,3554,35545000,1921,-4020,0
779,3566,35665000,-2020,3318,0
780,3567,35675000,1137,-1022,0
781,3568,35685000,510,-1441,0
782,3581,35815000,4385,5228,0
783,3582,35825000,2670,-980,0
784,3583,35835000,-600,0,0
785,3595,35955000,5767,2706,0
786,3596,35965000,2383,900,0
787,3597,35975000,-1114,-961,0
788,3610,36105000,-1236,258,0
789,3611,36115000,-2597,528,0
790,3612,36125000,-1334,492,0
791,3624,36245000,432,-967,0
792,3625,36255000,1748,-5368,0
793,3626,36265000,4301,3087,0
794,3638,36385000,120,-1368,0
795,3639,36395000,4143,-1792,0
796,3640,36405000,-3280,-60,0
797,3653,36535000,910,1561,0
798,3654,36545000,-686,1602,0
799,3655,36555000,-2622,-824,0
800,3667,36675000,1148,-2896,0
801,3668,36685000,-1439,-3161,0
802,3669,36695000,-1764,190,0
803,3682,36825000,-917,-2317,0
804,3683,36835000,5558,-1638,0
805,3684,36845000,2135,1726,0
806,3696,36965000,-2380,-3947,0
807,3697,36975000,12,-5308,0
808,3698,36985000,-1324,-1448,0
809,3710,37105000,-2629,446,0
810,3711,37115000,1394,2280,0
811,3712,37125000,1315,-2826,0
812,3725,37255000,-1388,724,0
813,3726,37265000,4534,4303,0
814,3727,37275000,1652,-2316,0
815,3739,37395000,-2018,-2280,0
816,3740,37405000,-2172,-3920,0
817,3741,37415000,55,1313,0
818,3754,37545000,578,1184,0
819,3755,37555000,-3769,793,0
820,3756,37565000,1462,4194,0
821,3768,37685000,-1697,-1252,0
822,3769,37695000,-3105,3846,0
823,3770,37705000,2073,-533,0
824,3782,37825000,-1748,-4768,0
825,3783,37835000,-2787,-2665,0
826,3784,37845000,2168,-2932,0
827,3797,37975000,2395,2060,0
828,3798,37985000,-1064,1508,0
829,3799,37995000,1670,-3,0
830,3811,38115000,-14,1038,0
831,3812,38125000,90,3692,0
832,3813,38135000,1748,-4344,0
833,3826,38265000,-3433,-1715,0
834,3827,38275000,584,5438,0
835,3828,38285000,6071,-1585,0
836,3840,38405000,2882,1038,0
837,3841,38415000,683,538,0
838,3842,38425000,-1164,1067,0
839,3854,38545000,-1448,414,0
840,3855,38555000,1324,0,0
841,3856,38565000,-305,3136,0
842,3869,38695000,2462,-1228,0
843,3870,38705000,2703,122,0
844,3871,38715000,-2956,724,0
845,3883,38835000,-4126,-289,0
846,3884,38845000,-3000,524,0
847,3885,38855000,-6,2976,0
848,3898,38985000,-724,5368,0
849,3899,38995000,-1955,5351,0
850,3900,39005000,-5542,2228,0
851,3912,39125000,-3749,-247,0
852,3913,39135000,-1214,-698,0
853,3914,39145000,4083,-792,0
854,3926,39265000,8697,3978,0
855,3927,39275000,-4273,-3929,0
856,3928,39285000,1748,-5368,0
857,3941,39415000,4301,3087,0
858,3942,39425000,120,-1368,0
859,3943,39435000,4143,-1792,0
860,3955,39555000,-3280,-60,0
861,3956,39565000,910,1561,0
862,3957,39575000,-686,1602,0
863,3970,39705000,-2622,-824,0
864,3971,39715000,1148,2472,0
865,3972,39725000,1857,-4560,0
866,3984,39845000,-3156,-845,0
867,3985,39855000,1057,-1270,0
868,3986,39865000,1282,466,0
869,3998,39985000,-5258,3850,0
870,3999,39995000,-581,3985,0
871,4000,40005000,2302,569,0
872,4013,40135000,1872,-5068,0
873,4014,40145000,4190,-5,0
874,4015,40155000,2817,-325,0
875,4027,40275000,-3938,-919,0
876,4028,40285000,2444,88,0
877,4029,40295000,5983,708,0
878,4042,40425000,-1667,-1829,0
879,4043,40435000,5290,730,0
880,4044,40445000,724,3496,0
881,4056,40565000,-6526,-2189,0
882,4057,40575000,3021,224,0
883,4058,40585000,7,-154,0
884,4070,40705000,-3838,-246,0
885,4071,40715000,-2203,-2058,0
886,4072,40725000,-2703,-2381,0
887,4085,40855000,2790,441,0
888,4086,40865000,4344,-2596,0
889,4087,40875000,2382,-1403,0
890,4099,40995000,2837,2925,0
891,4100,41005000,1275,3030,0
892,4101,41015000,2684,-4876,0
893,4114,41145000,-1096,-2765,0
894,4115,41155000,-5364,3250,0
895,4116,41165000,2372,2613,0
896,4128,41285000,1748,1872,0
897,4129,41295000,-525,2688,0
898,4130,41305000,894,4075,0
899,4142,41425000,-975,146,0
900,4143,41435000,2390,-642,0
901,4144,41445000,1348,-2460,0
902,4157,41575000,2299,-431,0
903,4158,41585000,862,1701,0
904,4159,41595000,-3320,-724,0
905,4171,41715000,-272,1477,0
906,4172,41725000,-3335,555,0
907,4173,41735000,-90,-1137,0
908,4186,41865000,876,88,0
909,4187,41875000,-5187,-396,0
910,4188,41885000,-3063,-2967,0
911,4200,42005000,-2294,-858,0
912,4201,42015000,-724,-2048,0
913,4202,42025000,-1174,-1291,0
914,4214,42145000,-1959,-3454,0
915,4215,42155000,-1289,-4074,0
916,4216,42165000,-2730,6214,0
917,4229,42295000,-4015,2884,0
918,4230,42305000,-3607,-1173,0
919,4231,42315000,1038,-4927,0
920,4243,42435000,0,2596,0
921,4244,42445000,2468,5283,0
922,4245,42455000,4673,-3155,0
923,4258,42585000,1553,4378,0
924,4259,42595000,2684,-1092,0
925,4260,42605000,-3556,237,0
926,4272,42725000,-2690,1546,0
927,4273,42735000,1624,-269,0
928,4274,42745000,1148,2472,0
929,4286,42865000,1857,-4560,0
930,4287,42875000,-3156,-845,0
931,4288,42885000,1057,-1270,0
932,4301,43015000,1282,466,0
933,4302,43025000,-5258,3850,0
934,4303,43035000,-581,3985,0
935,4315,43155000,2302,569,0
936,4316,43165000,1660,2984,0
937,4317,43175000,658,-3671,0
938,4330,43305000,-1558,-1160,0
939,4331,43315000,-3388,-4664,0
940,4332,43325000,5392,-1614,0
941,4344,43445000,-1556,5249,0
942,4345,43455000,-4206,-1420,0
943,4346,43465000,2214,-1624,0
944,4358,43585000,3920,0,0
945,4359,43595000,1735,356,0
946,4360,43605000,166,-1714,0
947,4373,43735000,-770,-5476,0
948,4374,43745000,115,1301,0
949,4375,43755000,863,1035,0
950,4387,43875000,-630,-174,0
951,4388,43885000,2632,2409,0
952,4389,43895000,-5156,-1960,0
953,4402,44025000,-3496,-561,0
954,4403,44035000,5438,-577,0
955,4404,44045000,-468,-1198,0
956,4416,44165000,-1446,-669,0
957,4417,44175000,992,-4304,0
958,4418,44185000,-1238,-1722,0
959,4430,44305000,-2572,-220,0
960,4431,44315000,724,300,0
961,4432,44325000,-1985,-1228,0
962,4445,44455000,-4088,-4080,0
963,4446,44465000,-656,816,0
964,4447,44475000,-831,-1139,0
965,4459,44595000,-3494,-1182,0
966,4460,44605000,-1974,4090,0
967,4461,44615000,3095,-402,0
968,4474,44745000,1236,-1536,0
969,4475,44755000,2234,829,0
970,4476,44765000,7242,-732,0
971,4488,44885000,4768,-1580,0
972,4489,44895000,-1296,1614,0
973,4490,44905000,1920,5199,0
974,4502,45025000,3578,3312,0
975,4503,45035000,2318,1392,0
976,4504,45045000,-1024,-1448,0
977,4517,45175000,-7169,-1732,0
978,4518,45185000,150,930,0
979,4519,45195000,-2242,-2132,0
980,4531,45315000,-115,747,0
981,4532,45325000,2149,4643,0
982,4533,45335000,-2526,-610,0
983,4546,45465000,2802,-1975,0
984,4547,45475000,-3532,512,0
985,4548,45485000,-1036,2203,0
986,4560,45605000,1166,2469,0
987,4561,45615000,104,450,0
988,4562,45625000,-2650,669,0
989,4574,45745000,-2372,848,0
990,4575,45755000,5962,-170,0
991,4576,45765000,-320,1652,0
992,4589,45895000,2172,1148,0
993,4590,45905000,-4925,1404,0
994,4591,45915000,-8516,4864,0
995,4603,46035000,252,-200,0
996,4604,46045000,831,-909,0
997,4605,46055000,3898,2496,0
998,4618,46185000,1034,-3306,0
999,4619,46195000,3815,1168,0
1000,4620,46205000,1660,2984,0
1001,4632,46325000,658,-3671,0
1002,4633,46335000,-1558,-1160,0
1003,4634,46345000,-3388,-4664,0
1004,4646,46465000,5392,-1614,0
1005,4647,46475000,-1556,5249,0
1006,4648,46485000,-4206,-1420,0
1007,4661,46615000,2214,-1624,0
1008,4662,46625000,3196,-1748,0
1009,4663,46635000,1490,-1724,0
1010,4675,46755000,-4039,3282,0
1011,4676,46765000,-860,38,0
1012,4677,46775000,4280,1748,0
1013,4690,46905000,-3761,-1745,0
1014,4691,46915000,4301,-4366,0
1015,4692,46925000,-921,-2847,0
1016,4704,47045000,-4044,-3620,0
1017,4705,47055000,197,-2864,0
1018,4706,47065000,-6414,2475,0
1019,4718,47185000,573,-322,0
1020,4719,47195000,-1762,-3086,0
1021,4720,47205000,-990,6056,0
1022,4733,47335000,-406,362,0
1023,4734,47345000,-2442,-676,0
1024,4735,47355000,2772,5668,0
1025,4747,47475000,-1923,3415,0
1026,4748,47485000,-2248,2463,0
1027,4749,47495000,-440,1580,0
1028,4762,47625000,508,484,0
1029,4763,47635000,-2901,-4707,0
1030,4764,47645000,-3906,-2304,0
1031,4776,47765000,3551,1672,0
1032,4777,47775000,724,-300,0
1033,4778,47785000,-2306,-219,0
1034,4790,47905000,923,-552,0
1035,4791,47915000,-1201,1160,0
1036,4792,47925000,-1134,1638,0
1037,4805,48055000,3288,-4112,0
1038,4806,48065000,-256,-2364,0
1039,4807,48075000,-3638,5746,0
1040,4819,48195000,-300,1748,0
1041,4820,48205000,-222,382,0
1042,4821,48215000,-833,-2038,0
1043,4834,48345000,3912,-2886,0
1044,4835,48355000,2712,1748,0
1045,4836,48365000,-801,-1301,0
1046,4848,48485000,-1645,1386,0
1047,4849,48495000,-2797,-2601,0
1048,4850,48505000,1148,-5068,0
1049,4862,48625000,-1521,-1764,0
1050,4863,48635000,-966,505,0
1051,4864,48645000,2543,4324,0
1052,4877,48775000,914,-410,0
1053,4878,48785000,4264,-1702,0
1054,4879,48795000,6218,-1606,0
1055,4891,48915000,3674,1596,0
1056,4892,48925000,-2772,124,0
1057,4893,48935000,-215,-2293,0
1058,4906,49065000,3376,4133,0
1059,4907,49075000,2960,-80,0
1060,4908,49085000,-1708,-1084,0
1061,4920,49205000,-5677,3749,0
1062,4921,49215000,4994,1540,0
1063,4922,49225000,4171,1780,0
1064,4934,49345000,-724,3196,0
1065,4935,49355000,-1294,-725,0
1066,4936,49365000,-1383,1316,0
1067,4949,49495000,-1695,1978,0
1068,4950,49505000,-3810,-1038,0
1069,4951,49515000,786,-2030,0
1070,4963,49635000,2284,-4232,0
1071,4964,49645000,4194,1122,0
1072,4965,49655000,3196,-1748,0
1073,4978,49785000,1490,-1724,0
1074,4979,49795000,-4039,3282,0
1075,4980,49805000,-860,38,0
1076,4992,49925000,4280,1748,0
1077,4993,49935000,-3761,-1745,0
1078,4994,49945000,4301,-4366,0
1079,5006,50065000,-921,-2847,0
1080,5007,50075000,2984,512,0
1081,5008,50085000,725,-379,0
1082,5021,50215000,251,-3647,0
1083,5022,50225000,-802,-4025,0
1084,5023,50235000,125,-627,0
1085,5035,50355000,1286,-1192,0
1086,5036,50365000,-1987,-503,0
1087,5037,50375000,-957,4066,0
1088,5050,50505000,2472,2172,0
1089,5051,50515000,4483,-4691,0
1090,5052,50525000,-783,-4625,0
1091,5064,50645000,-4606,3701,0
1092,5065,50655000,4358,1145,0
1093,5066,50665000,238,243,0
1094,5078,50785000,534,-81,0
1095,5079,50795000,-660,438,0
1096,5080,50805000,-3832,2808,0
1097,5093,50935000,4276,326,0
1098,5094,50945000,-2243,2392,0
1099,5095,50955000,320,-4625,0
1100,5107,51075000,1155,-2995,0
1101,5108,51085000,1478,-1796,0
1102,5109,51095000,1913,-3179,0
1103,5122,51225000,-4191,2878,0
1104,5123,51235000,2172,-3320,0
1105,5124,51245000,-3923,-1119,0
1106,5136,51365000,469,2424,0
1107,5137,51375000,5953,4560,0
1108,5138,51385000,-2733,6250,0
1109,5150,51505000,-722,33,0
1110,5151,51515000,-1539,-3192,0
1111,5152,51525000,-1362,-1140,0
1112,5165,51655000,1360,936,0
1113,5166,51665000,-773,-535,0
1114,5167,51675000,63,1625,0
1115,5179,51795000,6274,-2129,0
1116,5180,51805000,-1997,-397,0
1117,5181,51815000,-6258,-1092,0
1118,5194,51945000,2457,-5419,0
1119,5195,51955000,-2481,2534,0
1120,5196,51965000,-2472,724,0
1121,5208,52085000,3035,3109,0
1122,5209,52095000,1253,4975,0
1123,5210,52105000,-994,571,0
1124,5222,52225000,-438,727,0
1125,5223,52235000,-1498,-2557,0
1126,5224,52245000,-220,-1901,0
1127,5237,52375000,912,2550,0
1128,5238,52385000,-3408,4432,0
1129,5239,52395000,-1240,368,0
1130,5251,52515000,-119,478,0
1131,5252,52525000,-2156,4999,0
1132,5253,52535000,-5075,4019,0
1133,5266,52665000,-3278,76,0
1134,5267,52675000,-335,-1635,0
1135,5268,52685000,-2927,-774,0
1136,5280,52805000,724,-2472,0
1137,5281,52815000,1609,-2871,0
1138,5282,52825000,1109,2170,0
1139,5294,52945000,4203,2740,0
1140,5295,52955000,4605,-2330,0
1141,5296,52965000,562,493,0
1142,5309,53095000,-823,-1466,0
1143,5310,53105000,3474,-4760,0
1144,5311,53115000,2984,512,0
1145,5323,53235000,725,-379,0
1146,5324,53245000,251,-3647,0
1147,5325,53255000,-802,-4025,0
1148,5338,53385000,125,-627,0
1149,5339,53395000,1286,-1192,0
1150,5340,53405000,-1987,-503,0
1151,5352,53525000,-957,4066,0
1152,5353,53535000,1024,6392,0
1153,5354,53545000,1967,2579,0
1154,5366,53665000,-365,4253,0
1155,5367,53675000,643,1204,0
1156,5368,53685000,6194,-2190,0
1157,5381,53815000,-973,3335,0
1158,5382,53825000,-5475,-3237,0
1159,5383,53835000,-1282,3887,0
1160,5395,53955000,-1872,4344,0
1161,5396,53965000,-954,92,0
1162,5397,53975000,915,3070,0
1163,5410,54105000,604,3891,0
1164,5411,54115000,-3742,4682,0
1165,5412,54125000,-5695,-1920,0
1166,5424,54245000,2804,-1263,0
1167,5425,54255000,2695,-4621,0
1168,5426,54265000,-2472,-1448,0
1169,5438,54385000,108,1910,0
1170,5439,54395000,401,-5183,0
1171,5440,54405000,5297,-1234,0
1172,5453,54535000,6278,-2274,0
1173,5454,54545000,-3960,-168,0
1174,5455,54555000,-1797,4089,0
1175,5467,54675000,4862,-905,0
1176,5468,54685000,0,-1024,0
1177,5469,54695000,-4544,-3295,0
1178,5482,54825000,-1684,-2089,0
1179,5483,54835000,1018,1494,0
1180,5484,54845000,-1610,-3114,0
1181,5496,54965000,553,3610,0
1182,5497,54975000,4257,863,0
1183,5498,54985000,343,-6133,0
1184,5510,55105000,424,848,0
1185,5511,55115000,1537,-2821,0
1186,5512,55125000,-1757,-1023,0
1187,5525,55255000,559,-1188,0
1188,5526,55265000,3518,-1730,0
1189,5527,55275000,611,1337,0
1190,5539,55395000,-3483,-1257,0
1191,5540,55405000,-5298,-9,0
1192,5541,55415000,-3920,-1448,0
1193,5554,55545000,-722,-268,0
1194,5555,55555000,1531,-2840,0
1195,5556,55565000,2300,887,0
1196,5568,55685000,2718,438,0
1197,5569,55695000,-1389,-1362,0
1198,5570,55705000,-5314,5433,0
1199,5582,55825000,-815,-471,0
1200,5583,55835000,1024,0,0
1201,5584,55845000,-676,68,0
1202,5597,55975000,1721,1953,0
1203,5598,55985000,2229,2614,0
1204,5599,55995000,1386,402,0
1205,5611,56115000,946,-888,0
1206,5612,56125000,867,-3691,0
1207,5613,56135000,998,4115,0
1208,5626,56265000,0,-1872,0
1209,5627,56275000,1588,-2361,0
1210,5628,56285000,-762,1859,0
1211,5640,56405000,-2762,-3574,0
1212,5641,56415000,2634,-2006,0
1213,5642,56425000,19,152,0
1214,5654,56545000,-3443,-937,0
1215,5655,56555000,193,41,0
1216,5656,56565000,1024,6392,0
1217,5669,56695000,1967,2579,0
1218,5670,56705000,-365,4253,0
1219,5671,56715000,643,1204,0
1220,5683,56835000,6194,-2190,0
1221,5684,56845000,-973,3335,0
1222,5685,56855000,-5475,-3237,0
1223,5698,56985000,-1282,3887,0
1224,5699,56995000,-3496,1748,0
1225,5700,57005000,-1645,-1043,0
1226,5712,57125000,3015,-635,0
1227,5713,57135000,-7987,323,0
1228,5714,57145000,-4890,1406,0
1229,5726,57265000,2022,695,0
1230,5727,57275000,-1525,557,0
1231,5728,57285000,5161,-1346,0
1232,5741,57415000,1024,-724,0
1233,5742,57425000,2152,1842,0
1234,5743,57435000,-3313,-4450,0
1235,5755,57555000,-1690,-585,0
1236,5756,57565000,2842,6214,0
1237,5757,57575000,-8090,-2102,0
1238,5770,57705000,-1417,-3853,0
1239,5771,57715000,763,-314,0
1240,5772,57725000,4944,-300,0
1241,5784,57845000,1216,34,0
1242,5785,57855000,-1057,-1989,0
1243,5786,57865000,5329,-2319,0
1244,5798,57985000,-3238,1490,0
1245,5799,57995000,128,2142,0
1246,5800,58005000,843,-2285,0
1247,5813,58135000,-499,-188,0
1248,5814,58145000,1448,300,0
1249,5815,58155000,-492,-5196,0
1250,5827,58275000,-318,-387,0
1251,5828,58285000,2545,1521,0
1252,5829,58295000,5745,-642,0
1253,5842,58425000,324,2259,0
1254,5843,58435000,-209,433,0
1255,5844,58445000,1206,-553,0
1256,5856,58565000,-848,-1748,0
1257,5857,58575000,2465,-2639,0
1258,5858,58585000,4735,285,0
1259,5870,58705000,193,843,0
1260,5871,58715000,1570,2514,0
1261,5872,58725000,2648,-9,0
1262,5885,58855000,-1177,-6415,0
1263,5886,58865000,-379,-6698,0
1264,5887,58875000,-3920,-724,0
1265,5899,58995000,140,4450,0
1266,5900,59005000,1919,1580,0
1267,5901,59015000,-5222,-1335,0
1268,5914,59145000,-3618,-246,0
1269,5915,59155000,-1696,3660,0
1270,5916,59165000,-2237,4923,0
1271,5928,59285000,1,174,0
1272,5929,59295000,-600,3196,0
1273,5930,59305000,-448,3388,0
1274,5942,59425000,2347,-2605,0
1275,5943,59435000,-4787,-155,0
1276,5944,59445000,-2130,382,0
1277,5957,59575000,-386,-560,0
1278,5958,59585000,-3085,-897,0
1279,5959,59595000,4537,-3172,0
1280,5971,59715000,1448,-1748,0
1281,5972,59725000,708,860,0
1282,5973,59735000,-1536,2409,0
1283,5986,59865000,-669,11,0
1284,5987,59875000,3719,466,0
1285,5988,59885000,954,3803,0
1286,6000,60005000,3015,1745,0
1287,6001,60015000,1498,2209,0
1288,6002,60025000,-3496,1748,0
1289,6014,60145000,-1645,-1043,0
1290,6015,60155000,3015,-635,0
1291,6016,60165000,-7987,323,0
1292,6029,60295000,-4890,1406,0
1293,6030,60305000,2022,695,0
1294,6031,60315000,-1525,557,0
1295,6043,60435000,5161,-1346,0
1296,6044,60445000,-1448,2472,0
1297,6045,60455000,-2030,-3190,0
1298,6058,60585000,-1095,-4158,0
1299,6059,60595000,-2722,1002,0
1300,6060,60605000,-954,-1448,0
1301,6072,60725000,558,623,0
1302,6073,60735000,-1349,2632,0
1303,6074,60745000,-1576,2574,0
1304,6086,60865000,-1024,0,0
1305,6087,60875000,-1608,-2542,0
1306,6088,60885000,-3020,1244,0
1307,6101,61015000,2490,-1222,0
1308,6102,61025000,5736,-3026,0
1309,6103,61035000,3482,-2177,0
1310,6115,61155000,-292,-3031,0
1311,6116,61165000,269,-491,0
1312,6117,61175000,-2472,600,0
1313,6130,61305000,-1816,1043,0
1314,6131,61315000,3625,3675,0
1315,6132,61325000,-4250,1066,0
1316,6144,61445000,-3170,-2232,0
1317,6145,61455000,4239,3794,0
1318,6146,61465000,6026,3206,0
1319,6158,61585000,3880,-240,0
1320,6159,61595000,0,3920,0
1321,6160,61605000,-346,2716,0
1322,6173,61735000,2308,2319,0
1323,6174,61745000,2674,1322,0
1324,6175,61755000,-1048,-2546,0
1325,6187,61875000,327,828,0
1326,6188,61885000,-1691,5766,0
1327,6189,61895000,1340,2475,0
1328,6202,62025000,0,-1024,0
1329,6203,62035000,-1982,2426,0
1330,6204,62045000,4931,-3686,0
1331,6216,62165000,-1238,-8806,0
1332,6217,62175000,-494,-1448,0
1333,6218,62185000,4430,449,0
1334,6230,62305000,721,1188,0
1335,6231,62315000,-4112,3690,0
1336,6232,62325000,-424,-1448,0
1337,6245,62455000,3340,-2946,0
1338,6246,62465000,1192,3684,0
1339,6247,62475000,-2798,-522,0
1340,6259,62595000,-7184,-1918,0
1341,6260,62605000,-610,2541,0
1342,6261,62615000,-2864,-2137,0
1343,6274,62745000,421,1169,0
1344,6275,62755000,1024,-2048,0
1345,6276,62765000,-3140,-3895,0
1346,6288,62885000,2427,2969,0
1347,6289,62895000,-2974,-3190,0
1348,6290,62905000,1722,-664,0
1349,6302,63025000,-1179,966,0
1350,6303,63035000,-1302,-34,0
1351,6304,63045000,3204,1688,0
1352,6317,63175000,-1448,-2472,0
1353,6318,63185000,3486,2292,0
1354,6319,63195000,1216,-255,0
1355,6331,63315000,4722,-1938,0
1356,6332,63325000,-400,1698,0
1357,6333,63335000,-7151,-2928,0
1358,6346,63465000,751,-1798,0
1359,6347,63475000,668,1423,0
1360,6348,63485000,-1448,2472,0
1361,6360,63605000,-2030,-3190,0
1362,6361,63615000,-1095,-4158,0
1363,6362,63625000,-2722,1002,0
1364,6374,63745000,-954,-1448,0
1365,6375,63755000,558,623,0
1366,6376,63765000,-1349,2632,0
1367,6389,63895000,-1576,2574,0
1368,6390,63905000,4008,5880,0
1369,6391,63915000,-1207,2402,0
1370,6403,64035000,-1341,4986,0
1371,6404,64045000,-2604,73,0
1372,6405,64055000,2586,-1915,0
1373,6418,64185000,-1032,3156,0
1374,6419,64195000,-7584,1647,0
1375,6420,64205000,795,-2275,0
1376,6432,64325000,1148,-1448,0
1377,6433,64335000,-1744,1550,0
1378,6434,64345000,1911,-472,0
1379,6446,64465000,2300,220,0
1380,6447,64475000,1693,-955,0
1381,6448,64485000,1112,215,0
1382,6461,64615000,-881,772,0
1383,6462,64625000,4100,1077,0
1384,6463,64635000,4184,88,0
1385,6475,64755000,-1349,-2068,0
1386,6476,64765000,2310,-1004,0
1387,6477,64775000,1082,-908,0
1388,6490,64905000,147,3754,0
1389,6491,64915000,2972,953,0
1390,6492,64925000,1060,-1098,0
1391,6504,65045000,-3062,-938,0
1392,6505,65055000,-1448,-300,0
1393,6506,65065000,6830,-946,0
1394,6518,65185000,808,-3696,0
1395,6519,65195000,-1483,-1700,0
1396,6520,65205000,591,-4335,0
1397,6533,65335000,-3424,5155,0
1398,6534,65345000,4414,5043,0
1399,6535,65355000,1226,-1263,0
1400,6547,65475000,-2560,1360,0
1401,6548,65485000,3893,-2638,0
1402,6549,65495000,29,-362,0
1403,6562,65625000,-1912,-1201,0
1404,6563,65635000,2358,1315,0
1405,6564,65645000,2768,2902,0
1406,6576,65765000,-2288,-2487,0
1407,6577,65775000,-3065,-2889,0
1408,6578,65785000,-2596,0,0
1409,6590,65905000,-2172,326,0
1410,6591,65915000,-3055,-588,0
1411,6592,65925000,-4084,3028,0
1412,6605,66055000,355,707,0
1413,6606,66065000,-2384,2327,0
1414,6607,66075000,289,5640,0
1415,6619,66195000,-3928,3233,0
1416,6620,66205000,-8528,-1536,0
1417,6621,66215000,6763,-1572,0
1418,6634,66345000,3946,-372,0
1419,6635,66355000,82,-5104,0
1420,6636,66365000,701,-258,0
1421,6648,66485000,-3232,1089,0
1422,6649,66495000,-228,-1310,0
1423,6650,66505000,-4024,-1686,0
1424,6662,66625000,0,1748,0
1425,6663,66635000,2970,546,0
1426,6664,66645000,1184,-4284,0
1427,6677,66775000,829,-200,0
1428,6678,66785000,-2639,-4105,0
1429,6679,66795000,820,-1813,0
1430,6691,66915000,-574,-2415,0
1431,6692,66925000,2166,-1051,0
1432,6693,66935000,4008,5880,0
1433,6706,67065000,-1207,2402,0
1434,6707,67075000,-1341,4986,0
1435,6708,67085000,-2604,73,0
1436,6720,67205000,2586,-1915,0
1437,6721,67215000,-1032,3156,0
1438,6722,67225000,-7584,1647,0
1439,6734,67345000,795,-2275,0
1440,6735,67355000,-2384,512,0
1441,6736,67365000,2514,201,0
1442,6749,67495000,-742,-494,0
1443,6750,67505000,2552,1188,0
1444,6751,67515000,1112,4517,0
1445,6763,67635000,-1020,-1165,0
1446,6764,67645000,402,-5410,0
1447,6765,67655000,-1232,1549,0
1448,6778,67785000,3196,-1448,0
1449,6779,67795000,927,-3023,0
1450,6780,67805000,-504,649,0
1451,6792,67925000,1261,2639,0
1452,6793,67935000,179,3557,0
1453,6794,67945000,453,-5778,0
1454,6806,68065000,338,-258,0
1455,6807,68075000,336,2683,0
1456,6808,68085000,-2560,512,0
1457,6821,68215000,-399,2334,0
1458,6822,68225000,546,-1547,0
1459,6823,68235000,-498,836,0
1460,6835,68355000,-62,-3356,0
1461,6836,68365000,-2245,-4596,0
1462,6837,68375000,2960,-3190,0
1463,6850,68505000,1014,-1433,0
1464,6851,68515000,-1448,-1748,0
1465,6852,68525000,4682,-1340,0
1466,6864,68645000,1701,2136,0
1467,6865,68655000,-291,2493,0
1468,6866,68665000,3329,7409,0
1469,6878,68785000,4322,-4297,0
1470,6879,68795000,158,-3018,0
1471,6880,68805000,-2573,3834,0
1472,6893,68935000,-1960,-1960,0
1473,6894,68945000,-570,2927,0
1474,6895,68955000,1766,-686,0
1475,6907,69075000,-936,-1348,0
1476,6908,69085000,-4008,179,0
1477,6909,69095000,-7964,201,0
1478,6922,69225000,-4730,1166,0
1479,6923,69235000,3548,1593,0
1480,6924,69245000,-1748,2896,0
1481,6936,69365000,-3183,4141,0
1482,6937,69375000,-520,3207,0
1483,6938,69385000,-2753,-4471,0
1484,6950,69505000,1517,787,0
1485,6951,69515000,623,4558,0
1486,6952,69525000,-3578,2954,0
1487,6965,69655000,3846,1527,0
1488,6966,69665000,4008,936,0
1489,6967,69675000,-2821,462,0
1490,6979,69795000,478,-3417,0
1491,6980,69805000,-490,1280,0
1492,6981,69815000,-2834,-4236,0
1493,6994,69945000,1153,-4588,0
1494,6995,69955000,3416,-406,0
1495,6996,69965000,-174,559,0
1496,7008,70085000,-2896,6092,0
1497,7009,70095000,2946,794,0
1498,7010,70105000,-2725,152,0
1499,7022,70225000,-2941,-921,0
1500,7023,70235000,6559,-3065,0
1501,7024,70245000,582,-2415,0
1502,7037,70375000,1034,-3422,0
1503,7038,70385000,-669,-424,0
1504,7039,70395000,-2384,512,0
1505,7051,70515000,2514,201,0
1506,7052,70525000,-742,-494,0
1507,7053,70535000,2552,1188,0
1508,7066,70665000,1112,4517,0
1509,7067,70675000,-1020,-1165,0
1510,7068,70685000,402,-5410,0
1511,7080,70805000,-1232,1549,0
1512,7081,70815000,336,212,0
1513,7082,70825000,3807,2419,0
1514,7094,70945000,870,1382,0
1515,7095,70955000,3865,2368,0
1516,7096,70965000,-1707,2469,0
1517,7109,71095000,-4281,5882,0
1518,7110,71105000,1682,4678,0
1519,7111,71115000,486,-4082,0
1520,7123,71235000,-2596,-724,0
1521,7124,71245000,-3054,1334,0
1522,7125,71255000,-1074,-620,0
1523,7138,71385000,1199,1696,0
1524,7139,71395000,-2464,-1471,0
1525,7140,71405000,-798,-3141,0
1526,7152,71525000,-898,-2500,0
1527,7153,71535000,-2896,1200,0
1528,7154,71545000,-936,812,0
1529,7166,71665000,-1771,-3675,0
1530,7167,71675000,3438,2811,0
1531,7168,71685000,-2407,-836,0
1532,7181,71815000,-3363,-3984,0
1533,7182,71825000,-1847,6063,0
1534,7183,71835000,-5767,2640,0
1535,7195,71955000,3126,190,0
1536,7196,71965000,1448,1024,0
1537,7197,71975000,2419,-3054,0
1538,7210,72105000,3682,138,0
1539,7211,72115000,-68,1721,0
1540,7212,72125000,61,186,0
1541,7224,72245000,2458,-529,0
1542,7225,72255000,3028,-472,0
1543,7226,72265000,-1731,485,0
1544,7238,72385000,4008,-212,0
1545,7239,72395000,2547,-625,0
1546,7240,72405000,-3002,-1022,0
1547,7253,72535000,-2375,-292,0
1548,7254,72545000,2307,-1869,0
1549,7255,72555000,391,228,0
1550,7267,72675000,-3018,4630,0
1551,7268,72685000,2490,-1274,0
1552,7269,72695000,-1748,-2172,0
1553,7282,72825000,324,-1182,0
1554,7283,72835000,-578,-3744,0
1555,7284,72845000,4907,-1034,0
1556,7296,72965000,8008,-2025,0
1557,7297,72975000,-1100,2485,0
1558,7298,72985000,4450,2988,0
1559,7310,73105000,48,-5982,0
1560,7311,73115000,-3408,-812,0
1561,7312,73125000,-5691,221,0
1562,7325,73255000,-3354,-4019,0
1563,7326,73265000,1377,1068,0
1564,7327,73275000,-133,488,0
1565,7339,73395000,3061,1279,0
1566,7340,73405000,-3137,2884,0
1567,7341,73415000,358,-4502,0
1568,7354,73545000,2896,-3920,0
1569,7355,73555000,1419,2162,0
1570,7356,73565000,18,-718,0
1571,7368,73685000,-6498,-2291,0
1572,7369,73695000,-2709,414,0
1573,7370,73705000,2116,1717,0
1574,7382,73825000,3660,2528,0
1575,7383,73835000,-1881,-19,0
1576,7384,73845000,336,212,0
1577,7397,73975000,3807,2419,0
1578,7398,73985000,870,1382,0
1579,7399,73995000,3865,2368,0
1580,7411,74115000,-1707,2469,0
1581,7412,74125000,-4281,5882,0
1582,7413,74135000,1682,4678,0
1583,7426,74265000,486,-4082,0
1584,7427,74275000,-1872,-2772,0
1585,7428,74285000,1532,-3454,0
1586,7440,74405000,-1215,-3674,0
1587,7441,74415000,1733,-206,0
1588,7442,74425000,410,7366,0
1589,7454,74545000,328,3670,0
1590,7455,74555000,-3402,3324,0
1591,7456,74565000,674,576,0
1592,7469,74695000,2596,1448,0
1593,7470,74705000,-2406,2649,0
1594,7471,74715000,-2952,-1103,0
1595,7483,74835000,-5084,1567,0
1596,7484,74845000,2486,1058,0
1597,7485,74855000,525,186,0
1598,7498,74985000,-620,-871,0
1599,7499,74995000,4175,4065,0
1600,7500,75005000,-1024,4220,0
1601,7512,75125000,6,552,0
1602,7513,75135000,36,2668,0
1603,7514,75145000,-3977,-820,0
1604,7526,75265000,-70,762,0
1605,7527,75275000,1631,3123,0
1606,7528,75285000,1668,-758,0
1607,7541,75415000,8578,-4146,0
1608,7542,75425000,-2172,-3320,0
1609,7543,75435000,-7087,-1482,0
1610,7555,75555000,3575,150,0
1611,7556,75565000,-1058,-1077,0
1612,7557,75575000,1858,-2726,0
1613,7570,75705000,3995,608,0
1614,7571,75715000,169,2406,0
1615,7572,75725000,-17,2675,0
1616,7584,75845000,-2472,-124,0
1617,7585,75855000,1988,3518,0
1618,7586,75865000,-1665,3166,0
1619,7598,75985000,-5043,-326,0
1620,7599,75995000,3086,3122,0
1621,7600,76005000,524,-1160,0
1622,7613,76135000,-1986,-1876,0
1623,7614,76145000,602,396,0
1624,7615,76155000,1748,1448,0
1625,7627,76275000,838,-3457,0
1626,7628,76285000,-5740,-5069,0
1627,7629,76295000,-388,-2777,0
1628,7642,76425000,-190,-5402,0
1629,7643,76435000,-2983,3062,0
1630,7644,76445000,2004,2319,0
1631,7656,76565000,-2697,-887,0
1632,7657,76575000,2472,1572,0
1633,7658,76585000,4890,-2664,0
1634,7670,76705000,-52,-960,0
1635,7671,76715000,-3969,1520,0
1636,7672,76725000,-530,-2562,0
1637,7685,76855000,5597,-3585,0
1638,7686,76865000,-3272,2206,0
1639,7687,76875000,-1254,-130,0
1640,7699,76995000,724,-2472,0
1641,7700,77005000,1935,242,0
1642,7701,77015000,2221,-970,0
1643,7714,77145000,-294,-1977,0
1644,7715,77155000,4534,-1618,0
1645,7716,77165000,271,-1808,0
1646,7728,77285000,-353,-958,0
1647,7729,77295000,-3565,1547,0
1648,7730,77305000,-1872,-2772,0
1649,7742,77425000,1532,-3454,0
1650,7743,77435000,-1215,-3674,0
1651,7744,77445000,1733,-206,0
1652,7757,77575000,410,7366,0
1653,7758,77585000,328,3670,0
1654,7759,77595000,-3402,3324,0
1655,7771,77715000,674,576,0
1656,7772,77725000,3708,3832,0
1657,7773,77735000,-2183,1730,0
1658,7786,77865000,-3755,785,0
1659,7787,77875000,372,-1807,0
1660,7788,77885000,1460,-5830,0
1661,7800,78005000,-3722,-2398,0
1662,7801,78015000,-1393,-5412,0
1663,7802,78025000,-371,-3152,0
1664,7814,78145000,-1748,724,0
1665,7815,78155000,-909,883,0
1666,7816,78165000,2182,573,0
1667,7829,78295000,-1049,-2581,0
1668,7830,78305000,-2919,2647,0
1669,7831,78315000,366,3461,0
1670,7843,78435000,-4624,-895,0
1671,7844,78445000,1518,418,0
1672,7845,78455000,3108,3408,0
1673,7858,78585000,307,1104,0
1674,7859,78595000,-174,1816,0
1675,7860,78605000,471,120,0
1676,7872,78725000,4622,-3244,0
1677,7873,78735000,-1913,3290,0
1678,7874,78745000,365,2725,0
1679,7886,78865000,-648,2759,0
1680,7887,78875000,1448,424,0
1681,7888,78885000,4373,-1641,0
1682,7901,79015000,-4111,1762,0
1683,7902,79025000,-344,-3462,0
1684,7903,79035000,1413,-1915,0
1685,7915,79155000,-51,2742,0
1686,7916,79165000,184,-3045,0
1687,7917,79175000,3542,-4828,0
1688,7930,79305000,-812,3408,0
1689,7931,79315000,-243,-1638,0
1690,7932,79325000,8019,-5833,0
1691,7944,79445000,-858,1567,0
1692,7945,79455000,-12,3534,0
1693,7946,79465000,858,4566,0
1694,7958,79585000,765,-1112,0
1695,7959,79595000,4107,-2116,0
1696,7960,79605000,-1148,724,0
1697,7973,79735000,3035,-865,0
1698,7974,79745000,1122,-1985,0
1699,7975,79755000,-4657,-1431,0
1700,7987,79875000,-3473,849,0
1701,7988,79885000,-1418,-1989,0
1702,7989,79895000,1468,-1699,0
1703,8002,80025000,-1534,534,0
1704,8003,80035000,2684,3832,0
1705,8004,80045000,5735,3436,0
1706,8016,80165000,6,-864,0
1707,8017,80175000,1751,-3256,0
1708,8018,80185000,-3174,-3148,0
1709,8030,80305000,-1055,1054,0
1710,8031,80315000,4359,2103,0
1711,8032,80325000,-2608,5445,0
1712,8045,80455000,-1448,1024,0
1713,8046,80465000,-6019,-1313,0
1714,8047,80475000,-3289,3746,0
1715,8059,80595000,218,962,0
1716,8060,80605000,-3709,1315,0
1717,8061,80615000,2839,-838,0
1718,8074,80745000,-1124,-4249,0
1719,8075,80755000,90,-756,0
1720,8076,80765000,3708,3832,0
1721,8088,80885000,-2183,1730,0
1722,8089,80895000,-3755,785,0
1723,8090,80905000,372,-1807,0
1724,8102,81025000,1460,-5830,0
1725,8103,81035000,-3722,-2398,0
1726,8104,81045000,-1393,-5412,0
1727,8117,81175000,-371,-3152,0
1728,8118,81185000,300,1748,0
1729,8119,81195000,-3069,1251,0
1730,8131,81315000,-3769,2124,0
1731,8132,81325000,-189,4410,0
1732,8133,81335000,2470,3474,0
1733,8146,81465000,1461,-4651,0
1734,8147,81475000,-1026,761,0
1735,8148,81485000,1110,1948,0
1736,8160,81605000,-1148,2172,0
1737,8161,81615000,-3137,-1021,0
1738,8162,81625000,-800,-5525,0
1739,8174,81745000,1326,2904,0
1740,8175,81755000,1582,1074,0
1741,8176,81765000,-146,-1660,0
1742,8189,81895000,1963,2261,0
1743,8190,81905000,2634,-2353,0
1744,8191,81915000,300,-2596,0
1745,8203,82035000,2745,2707,0
1746,8204,82045000,4949,264,0
1747,8205,82055000,1660,4358,0
1748,8218,82185000,745,4424,0
1749,8219,82195000,1872,1036,0
1750,8220,82205000,29,1900,0
1751,8232,82325000,-3552,-2593,0
1752,8233,82335000,-5068,-1748,0
1753,8234,82345000,-356,-2790,0
1754,8246,82465000,2016,801,0
1755,8247,82475000,1608,3144,0
1756,8248,82485000,2208,-180,0
1757,8261,82615000,3965,-239,0
1758,8262,82625000,1713,-1159,0
1759,8263,82635000,-5460,469,0
1760,8275,82755000,-300,-1748,0
1761,8276,82765000,-145,-3889,0
1762,8277,82775000,-2561,-2984,0
1763,8290,82905000,1637,844,0
1764,8291,82915000,-6990,-2202,0
1765,8292,82925000,-4237,-831,0
1766,8304,83045000,112,493,0
1767,8305,83055000,-4518,-3604,0
1768,8306,83065000,-300,5068,0
1769,8318,83185000,67,-375,0
1770,8319,83195000,-792,-3517,0
1771,8320,83205000,-2150,-768,0
1772,8333,83335000,-310,1398,0
1773,8334,83345000,782,4646,0
1774,8335,83355000,-45,-55,0
1775,8347,83475000,4110,1671,0
1776,8348,83485000,-300,-3196,0
1777,8349,83495000,-2855,-2505,0
1778,8362,83625000,533,-3148,0
1779,8363,83635000,5880,-1512,0
1780,8364,83645000,879,2992,0
1781,8376,83765000,-7124,-4910,0
1782,8377,83775000,1733,-1106,0
1783,8378,83785000,-1380,373,0
1784,8390,83905000,724,300,0
1785,8391,83915000,6750,830,0
1786,8392,83925000,-5368,401,0
1787,8405,84055000,-1580,604,0
1788,8406,84065000,5208,604,0
1789,8407,84075000,3427,817,0
1790,8419,84195000,1313,-3095,0
1791,8420,84205000,-1136,1689,0
1792,8421,84215000,300,1748,0
1793,8434,84345000,-3069,1251,0
1794,8435,84355000,-3769,2124,0
1795,8436,84365000,-189,4410,0
1796,8448,84485000,2470,3474,0
1797,8449,84495000,1461,-4651,0
1798,8450,84505000,-1026,761,0
1799,8462,84625000,1110,1948,0
1800,8463,84635000,-512,-5756,0
1801,8464,84645000,-738,-3250,0
1802,8477,84775000,370,-1476,0
1803,8478,84785000,1028,-323,0
1804,8479,84795000,2476,2215,0
1805,8491,84915000,-3486,-2787,0
1806,8492,84925000,-2718,-3962,0
1807,8493,84935000,-2078,394,0
1808,8506,85065000,-300,-2172,0
1809,8507,85075000,1729,649,0
1810,8508,85085000,334,1890,0
1811,8520,85205000,878,-5266,0
1812,8521,85215000,2247,903,0
1813,8522,85225000,1550,4310,0
1814,8534,85345000,-1932,402,0
1815,8535,85355000,281,3610,0
1816,8536,85365000,512,4132,0
1817,8549,85495000,-841,1333,0
1818,8550,85505000,-1798,829,0
1819,8551,85515000,-1068,2955,0
1820,8563,85635000,1929,-2827,0
1821,8564,85645000,3916,-3648,0
1822,8565,85655000,1848,3263,0
1823,8578,85785000,-888,4784,0
1824,8579,85795000,1448,6216,0
1825,8580,85805000,-149,-3521,0
1826,8592,85925000,2774,-2006,0
1827,8593,85935000,2847,2732,0
1828,8594,85945000,-747,-3741,0
1829,8606,86065000,-1950,4687,0
1830,8607,86075000,-457,476,0
1831,8608,86085000,3836,-7,0
1832,8621,86215000,1960,2860,0
1833,8622,86225000,2220,-8350,0
1834,8623,86235000,-1838,1392,0
1835,8635,86355000,24,3149,0
1836,8636,86365000,-428,-1015,0
1837,8637,86375000,-3658,4043,0
1838,8650,86505000,1510,-366,0
1839,8651,86515000,-750,-870,0
1840,8652,86525000,-1148,-724,0
1841,8664,86645000,-3189,-2845,0
1842,8665,86655000,1354,-5590,0
1843,8666,86665000,2276,-1702,0
1844,8678,86785000,-199,5241,0
1845,8679,86795000,-90,-1346,0
1846,8680,86805000,-2432,-3642,0
1847,8693,86935000,4265,3160,0
1848,8694,86945000,936,1660,0
1849,8695,86955000,2755,-3665,0
1850,8707,87075000,4114,1303,0
1851,8708,87085000,-852,1527,0
1852,8709,87095000,-3977,-4165,0
1853,8722,87225000,-6608,1396,0
1854,8723,87235000,-1488,3113,0
1855,8724,87245000,-4112,176,0
1856,8736,87365000,-2896,-424,0
1857,8737,87375000,-3483,1569,0
1858,8738,87385000,482,3658,0
1859,8750,87505000,4755,-1376,0
1860,8751,87515000,-1301,-2403,0
1861,8752,87525000,438,-159,0
1862,8765,87655000,-123,716,0
1863,8766,87665000,1142,-1359,0
1864,8767,87675000,-512,-5756,0
1865,8779,87795000,-738,-3250,0
1866,8780,87805000,370,-1476,0
1867,8781,87815000,1028,-323,0
1868,8794,87945000,2476,2215,0
1869,8795,87955000,-3486,-2787,0
1870,8796,87965000,-2718,-3962,0
1871,8808,88085000,-2078,394,0
1872,8809,88095000,1024,-4944,0
1873,8810,88105000,-622,1857,0
1874,8822,88225000,-122,-1037,0
1875,8823,88235000,-1848,-1487,0
1876,8824,88245000,-356,2644,0
1877,8837,88375000,621,3258,0
1878,8838,88385000,-1409,-538,0
1879,8839,88395000,-2509,4052,0
1880,8851,88515000,3920,7240,0
1881,8852,88525000,-1083,2837,0
1882,8853,88535000,-3909,4002,0
1883,8866,88665000,4219,2940,0
1884,8867,88675000,4,-1040,0
1885,8868,88685000,-3960,-2798,0
1886,8880,88805000,-1961,-907,0
1887,8881,88815000,1030,-2247,0
1888,8882,88825000,424,0,0
1889,8894,88945000,1420,1935,0
1890,8895,88955000,867,1256,0
1891,8896,88965000,-226,2651,0
1892,8909,89095000,-1536,-3428,0
1893,8910,89105000,-3460,-4010,0
1894,8911,89115000,515,-1629,0
1895,8923,89235000,-4078,399,0
1896,8924,89245000,0,1872,0
1897,8925,89255000,5771,1039,0
1898,8938,89385000,3018,1433,0
1899,8939,89395000,-2703,-3544,0
1900,8940,89405000,-5900,-1740,0
1901,8952,89525000,2843,1921,0
1902,8953,89535000,-51,-1679,0
1903,8954,89545000,86,623,0
1904,8966,89665000,-2472,600,0
1905,8967,89675000,-4398,-1639,0
1906,8968,89685000,2244,483,0
1907,8981,89815000,-2072,-3723,0
1908,8982,89825000,3428,428,0
1909,8983,89835000,4853,2714,0
1910,8995,89955000,2119,-3068,0
1911,8996,89965000,3597,156,0
1912,8997,89975000,1872,1448,0
1913,9010,90105000,439,3599,0
1914,9011,90115000,1463,-5340,0
1915,9012,90125000,6339,-3332,0
1916,9024,90245000,2220,4960,0
1917,9025,90255000,1106,-4806,0
1918,9026,90265000,-641,613,0
1919,9038,90385000,-4378,-1179,0
1920,9039,90395000,1024,-1448,0
1921,9040,90405000,-16,5319,0
1922,9053,90535000,-2989,-702,0
1923,9054,90545000,-2942,-817,0
1924,9055,90555000,-1536,356,0
1925,9067,90675000,3818,-1426,0
1926,9068,90685000,2871,-4653,0
1927,9069,90695000,294,-1671,0
1928,9082,90825000,0,1024,0
1929,9083,90835000,-5607,3133,0
1930,9084,90845000,-572,-95,0
1931,9096,90965000,3329,-2576,0
1932,9097,90975000,-2116,3612,0
1933,9098,90985000,-1725,-1349,0
1934,9110,91105000,-1443,277,0
1935,9111,91115000,1862,-1829,0
1936,9112,91125000,1024,-4944,0
1937,9125,91255000,-622,1857,0
1938,9126,91265000,-122,-1037,0
1939,9127,91275000,-1848,-1487,0
1940,9139,91395000,-356,2644,0
1941,9140,91405000,621,3258,0
1942,9141,91415000,-1409,-538,0
